{"type":"FeatureCollection","features":[{"type":"Feature","properties":{"name_en":"Sevastopol\u0027","country":"Russia","admin_level":"federal_subject","disputed_territory":true},"geometry":{"type":"Polygon","coordinates":[[[33.663162231445426,44.752864837646484],[33.630107879638956,44.747703552246151],[33.621944427490234,44.747890472412109],[33.613399505615405,44.742172241210994],[33.620792388916016,44.730159759521484],[33.620014190673771,44.718334197998047],[33.618831634521769,44.700588226318359],[33.627021789550952,44.700408935546932],[33.643795013427791,44.70597076416027],[33.651988983154354,44.705791473388729],[33.659805297851562,44.699707031249943],[33.66838455200201,44.705440521240462],[33.684787750244197,44.705093383789062],[33.701202392578296,44.704750061035213],[33.709411621093921,44.704578399658146],[33.72583389282255,44.704238891601676],[33.725475311279581,44.698337554931641],[33.741558074951342,44.692100524902344],[33.749427795410099,44.68603515625],[33.757656097412166,44.685871124267692],[33.765888214111612,44.685707092285384],[33.773769378662109,44.679645538330078],[33.773418426513842,44.673748016357479],[33.764469146728516,44.662101745605582],[33.763751983642635,44.650295257568416],[33.755146026611385,44.644546508789176],[33.755035400390682,44.642757415771769],[33.754417419433764,44.63272857666027],[33.753459930419979,44.620559692382756],[33.744869232177791,44.614646911621037],[33.744567871093807,44.608543395996037],[33.744274139404354,44.602443695068587],[33.743984222412394,44.596343994140625],[33.743698120117472,44.590240478515625],[33.735420227050838,44.590431213378906],[33.727722167968921,44.602821350097599],[33.710876464844034,44.597103118896712],[33.711170196533487,44.603202819824162],[33.702892303466854,44.603393554687443],[33.694618225097713,44.603580474853743],[33.686340332031421,44.603771209717024],[33.686046600341967,44.597671508789006],[33.668914794922159,44.585849761963118],[33.668819427490519,44.579875946044922],[33.677280426025561,44.573898315429744],[33.677551269531421,44.568168640136719],[33.669589996338175,44.562656402588004],[33.678558349609432,44.551105499267635],[33.678913116455362,44.545433044433594],[33.687187194824276,44.545238494873104],[33.695457458496037,44.5450439453125],[33.703376770019588,44.550525665283203],[33.711650848388729,44.550334930419922],[33.711997985839957,44.544654846191406],[33.70410537719755,44.539196014404411],[33.712364196777401,44.538990020752067],[33.712791442871378,44.533393859863224],[33.721050262451286,44.533184051513729],[33.713630676269702,44.522182464599723],[33.713996887207202,44.516555786132926],[33.722263336181641,44.516349792480526],[33.738796234130973,44.51594161987299],[33.747058868408203,44.515731811523494],[33.763942718505916,44.509685516357422],[33.772537231445483,44.50383377075218],[33.789379119873331,44.497768402099723],[33.797924041748161,44.491893768310661],[33.797657012939453,44.497566223144531],[33.813507080078409,44.508441925048942],[33.821361541748104,44.513851165771484],[33.829616546631144,44.513641357421932],[33.837871551513842,44.513431549072379],[33.837467193603516,44.519050598144645],[33.845726013183878,44.518840789794922],[33.861885070800838,44.524097442627067],[33.861553192138672,44.529788970947322],[33.869827270507983,44.52959060668968],[33.87015533447294,44.523899078369254],[33.870494842529467,44.518218994140682],[33.870891571045092,44.512596130371037],[33.879936218261889,44.501140594482479],[33.888572692871151,44.49530029296875],[33.896442413330249,44.500720977783203],[33.897212982177905,44.489444732666016],[33.897663116455135,44.483753204345874],[33.906982421874943,44.472076416015852],[33.916690826416072,44.454059600830305],[33.925926208496094,44.441707611084098],[33.926338195800838,44.435577392578125],[33.926746368408374,44.429439544677962],[33.918346405029297,44.429565429687557],[33.910346984863338,44.423542022705305],[33.893543243408203,44.423778533935661],[33.88514328002924,44.423892974853572],[33.877136230468807,44.417854309082202],[33.860725402832088,44.411922454834041],[33.852321624756144,44.412033081054801],[33.843925476074276,44.412139892578125],[33.819480895996264,44.400146484375057],[33.811084747314567,44.400249481201229],[33.803054809570483,44.394199371338004],[33.794654846191406,44.394302368164176],[33.786979675293253,44.382106781005859],[33.77017974853544,44.38230133056652],[33.769821166992472,44.388446807861555],[33.744983673095874,44.382587432861442],[33.736583709716967,44.382682800293082],[33.727840423584155,44.388919830322266],[33.718750000000171,44.401309967040959],[33.710021972656307,44.407550811767692],[33.701297760009936,44.413784027099666],[33.667812347412166,44.414093017578352],[33.642364501953182,44.426490783691634],[33.633888244629077,44.432632446289176],[33.633365631103459,44.450942993164176],[33.633182525634709,44.457057952880859],[33.624507904052791,44.469348907470817],[33.615821838378963,44.481662750244141],[33.607322692871378,44.487854003906421],[33.601699829101619,44.487888336181754],[33.590717315673885,44.487957000732422],[33.590518951416016,44.494098663330305],[33.582214355468921,44.494148254394702],[33.582416534424112,44.488006591796875],[33.566368103027514,44.488098144531477],[33.565807342529581,44.488101959228516],[33.549198150634879,44.488189697265568],[33.540893554687557,44.488235473632983],[33.524085998535213,44.494468688964957],[33.515579223633097,44.500663757324276],[33.498966217041016,44.500743865966797],[33.490661621093921,44.50078201293968],[33.482357025146655,44.500820159912223],[33.482555389404467,44.494667053222599],[33.474246978759879,44.494701385498104],[33.474048614502067,44.500858306884879],[33.465538024902401,44.507053375244197],[33.45701980590826,44.513256072998161],[33.456806182861499,44.519428253173828],[33.456489562988452,44.519584655761776],[33.431438446045092,44.531890869140625],[33.422657012939624,44.544307708740348],[33.414348602295036,44.544338226318644],[33.406044006347713,44.544364929199446],[33.397228240967081,44.556804656982592],[33.388923645019815,44.556831359863565],[33.388656616210994,44.563041687011776],[33.363681793212891,44.58694076538103],[33.379970550537166,44.586524963379134],[33.388732910156534,44.592330932617131],[33.388088226318303,44.58631896972679],[33.387954711914347,44.574939727783203],[33.396213531494197,44.57473373413103],[33.396678924560547,44.569171905517578],[33.404964447021541,44.568973541259766],[33.404476165771769,44.574527740478516],[33.403972625732592,44.580066680908203],[33.404289245605526,44.585891723632983],[33.412734985351676,44.574317932129134],[33.420993804931697,44.57411193847679],[33.421485900878963,44.568561553955362],[33.429252624511719,44.573905944824276],[33.412242889404354,44.57987213134777],[33.41239166259794,44.585678100585938],[33.413887023926065,44.597793579101619],[33.422088623047159,44.597625732421989],[33.422622680664119,44.603595733642805],[33.423152923584269,44.609565734863338],[33.431346893310831,44.609394073486271],[33.430297851562784,44.597457885742472],[33.438507080078409,44.597290039062443],[33.439548492431925,44.609222412109602],[33.455955505371094,44.608882904052734],[33.455444335937557,44.60292053222679],[33.463657379150561,44.602752685546932],[33.464160919189737,44.608715057373104],[33.464664459228572,44.614677429199219],[33.473365783691463,44.620468139648665],[33.488029479980526,44.620159149169979],[33.489768981933651,44.620124816894645],[33.497978210449276,44.619953155517578],[33.514396667480582,44.619613647460938],[33.513923645019702,44.613662719726676],[33.512947082519702,44.601745605468807],[33.522338867187557,44.618953704833984],[33.52260971069353,44.61944580078125],[33.530826568603572,44.619277954101562],[33.531288146972827,44.625225067138615],[33.523075103759879,44.625396728515682],[33.507133483886776,44.631687164306754],[33.498455047607479,44.625907897949219],[33.498931884765682,44.631858825683764],[33.499408721923885,44.637809753418026],[33.516727447509822,44.649356842041243],[33.524917602539347,44.649177551269531],[33.533561706543139,44.654945373535156],[33.53446197509794,44.66682434082054],[33.538822174072436,44.726150512695369],[33.532382965087947,44.75004959106451],[33.534049987793253,44.773738861084041],[33.527191162109659,44.791709899902344],[33.527599334716854,44.797626495361442],[33.536083221435831,44.803325653076286],[33.544567108154354,44.80902099609375],[33.5530433654788,44.814712524414176],[33.546516418457202,44.838569641113224],[33.554962158203182,44.844249725341797],[33.563034057617301,44.844024658203182],[33.571109771728572,44.843807220458928],[33.585430145263729,44.813861846923771],[33.585056304931754,44.807956695556584],[33.592792510986499,44.801841735839901],[33.600910186767862,44.80163955688505],[33.609035491943416,44.801433563232536],[33.624565124511719,44.789230346679688],[33.640853881836051,44.788837432861442],[33.65679931640625,44.782554626464844],[33.664958953857479,44.782363891601562],[33.672767639160156,44.776275634765682],[33.680583953857479,44.770195007324446],[33.6798744201663,44.758396148681641],[33.663162231445426,44.752864837646484]]]}},{"type":"Feature","properties":{"name_en":"Crimea","country":"Russia","admin_level":"federal_subject","disputed_territory":true},"geometry":{"type":"MultiPolygon","coordinates":[[[[36.432510375976562,45.260215759277401],[36.440807342529297,45.260005950927905],[36.440742492675952,45.253845214843921],[36.432315826416072,45.241741180419922],[36.432380676269588,45.247901916504077],[36.432445526123217,45.254058837890852],[36.432510375976562,45.260215759277401]]],[[[36.570022583007756,45.237358093261832],[36.559452056884936,45.245880126953352],[36.541843414306925,45.258422851562671],[36.524528503418026,45.266597747802791],[36.515739440918026,45.270748138427962],[36.515808105469034,45.2769203186038],[36.524124145507869,45.276756286621321],[36.53271865844755,45.276699066162337],[36.541553497314624,45.270595550537337],[36.545822143554858,45.264728546142692],[36.550449371338175,45.258369445800724],[36.559070587158374,45.258296966552905],[36.569370269775561,45.244194030761776],[36.579414367675952,45.242332458496378],[36.59018707275419,45.233436584472827],[36.590805053710881,45.22655105590826],[36.580722808837947,45.228561401367472],[36.570022583007756,45.237358093261832]]],[[[34.083610534667969,46.01572418212902],[34.084091186523494,46.021121978759993],[34.084568023681697,46.026542663574276],[34.085041046142578,46.031997680664006],[34.085521697998104,46.031642913818416],[34.084655761718807,46.034595489501953],[34.070297241211108,46.048923492431811],[34.098209381103516,46.046333312988281],[34.140060424804631,46.042495727539062],[34.173873901367358,46.034736633300838],[34.211074829101562,46.028938293456974],[34.241706848144815,46.027694702148494],[34.272312164306925,46.024497985839957],[34.300975799560717,46.024562835693587],[34.328361511230639,46.027889251708928],[34.353225708007869,46.042949676513786],[34.382160186767862,46.067161560058651],[34.40970611572277,46.092037200927734],[34.426654815673828,46.102294921875227],[34.43400955200201,46.096591949462891],[34.451580047607706,46.095203399658487],[34.459945678711108,46.088748931884766],[34.459518432617472,46.083007812500057],[34.467864990234432,46.076610565185604],[34.476646423339957,46.075927734375],[34.502094268798885,46.062587738037394],[34.519184112548999,46.055660247802962],[34.528430938720817,46.060581207275447],[34.537677764892749,46.065513610839957],[34.546459197998217,46.064838409423942],[34.555240631103686,46.064163208007869],[34.555702209472827,46.069782257080135],[34.547367095947209,46.076122283935661],[34.547809600830249,46.081813812255973],[34.548244476318416,46.087532043457031],[34.54028701782255,46.099769592285156],[34.540676116943644,46.105575561523551],[34.549835205078182,46.110698699951172],[34.558979034424112,46.115844726562557],[34.567768096924112,46.115123748779297],[34.57621002197277,46.108543395996094],[34.592632293701342,46.089733123779297],[34.601837158203125,46.094768524169979],[34.610633850097827,46.094047546386719],[34.618587493896541,46.081874847412053],[34.617679595947322,46.070579528808594],[34.616241455078182,46.05394363403343],[34.6146888732913,46.037784576416129],[34.614139556884766,46.032535552978516],[34.594291687011776,46.013267517089957],[34.593654632568416,46.00836181640625],[34.584941864013615,46.008758544921875],[34.576839447021541,46.014125823974723],[34.577430725097656,46.019176483154297],[34.5780029296875,46.024322509765739],[34.586753845214787,46.02379226684593],[34.587314605712947,46.028984069824219],[34.570331573486385,46.035434722900618],[34.562580108642692,46.046882629394531],[34.535766601562557,46.043323516845987],[34.525985717773494,46.033084869384766],[34.525466918945369,46.027717590332259],[34.524932861328409,46.022407531738395],[34.516178131103572,46.022979736328239],[34.515632629394531,46.017707824707031],[34.523822784423885,46.011974334717024],[34.514507293701286,46.007358551025391],[34.506332397460938,46.013031005859602],[34.508457183837834,46.034305572509822],[34.500186920166072,46.040382385253849],[34.481140136718921,46.025333404541243],[34.471862792968807,46.020572662353572],[34.463104248046989,46.021163940429688],[34.462577819824503,46.015830993652514],[34.461486816406421,46.005329132080192],[34.469661712646541,45.999660491943303],[34.45914459228544,45.984947204589844],[34.467864990234432,45.98447418212902],[34.485298156738281,45.983551025390568],[34.493366241455362,45.978069305420036],[34.502067565917912,45.977638244628849],[34.492710113525447,45.973033905029354],[34.483364105224666,45.968410491943359],[34.492057800293026,45.967990875244254],[34.482711791992244,45.963352203369197],[34.474021911621378,45.963775634765625],[34.465328216553019,45.964206695556641],[34.46596908569353,45.969284057617188],[34.474666595459269,45.968841552734659],[34.48401260376005,45.973461151123104],[34.467243194580362,45.979415893554688],[34.458526611328239,45.979881286621207],[34.439853668213061,45.970653533935831],[34.430526733398722,45.966022491455135],[34.437358856201342,45.950210571289062],[34.437980651855412,45.955333709717024],[34.454730987548999,45.949344635009766],[34.480754852295036,45.948116302490348],[34.488761901855639,45.94263839721674],[34.488101959228686,45.93753814697277],[34.486789703369197,45.927299499511719],[34.492256164550838,45.90118408203125],[34.501480102539347,45.906055450439453],[34.512004852294979,45.921184539795149],[34.521965026855639,45.931083679199332],[34.530586242675838,45.930786132812557],[34.539894104004077,45.935562133789119],[34.548507690429744,45.93527984619152],[34.556427001953068,45.929969787597656],[34.555744171142862,45.924903869629134],[34.564353942871151,45.924671173095817],[34.566436767578182,45.939792633056641],[34.567153930664233,45.94480133056652],[34.585102081299112,45.949295043945369],[34.602302551269588,45.948871612548942],[34.6116371154788,45.953632354736385],[34.620971679687557,45.958377838134993],[34.631080627441463,45.967983245849894],[34.644306182861499,45.996715545654524],[34.663829803466854,46.010505676269531],[34.664554595947322,46.015247344970817],[34.665260314941463,46.019992828369368],[34.657871246337891,46.029979705810661],[34.652366638183537,46.062248229980526],[34.653320312499943,46.073375701904354],[34.653778076171932,46.079010009765852],[34.663021087646484,46.083957672119254],[34.681041717529581,46.088188171386776],[34.699043273925895,46.092437744140909],[34.716667175292969,46.09091949462902],[34.734298706054744,46.089382171630916],[34.768756866455192,46.074874877929801],[34.795230865478572,46.07244873046875],[34.794723510742188,46.066978454589901],[34.803546905517578,46.066169738769531],[34.811771392822436,46.060264587402344],[34.829273223876896,46.059238433837891],[34.827144622803019,46.052169799804801],[34.835571289062557,46.052604675292969],[34.843952178955362,46.053218841552848],[34.852272033691406,46.054065704345703],[34.85937881469755,46.051845550537337],[34.857185363769815,46.044712066650391],[34.862297058105526,46.034427642822436],[34.865879058838175,46.014602661132926],[34.863380432129077,46.001037597656364],[34.861003875732422,45.986995697021712],[34.866958618164062,45.973770141601676],[34.865493774414119,45.96391677856468],[34.877838134765625,45.935665130615291],[34.876560211181925,45.925090789794865],[34.884216308593807,45.92075347900402],[34.890686035156307,45.905460357666016],[34.897808074951342,45.895393371582145],[34.896076202392749,45.878826141357479],[34.902706146240178,45.862926483154297],[34.923892974853516,45.825637817382812],[34.938995361328239,45.809844970703125],[34.953605651855469,45.788169860839901],[34.960411071777287,45.771530151367244],[34.974582672119425,45.743816375732479],[34.982940673828296,45.744289398193359],[34.997653961181925,45.722145080566634],[35.005516052246151,45.71680831909174],[35.041950225830021,45.655101776123274],[35.099014282226676,45.600326538086051],[35.111454010009822,45.58837890625],[35.142536163330135,45.560432434082088],[35.16617584228544,45.543788909912394],[35.189815521240405,45.527103424072322],[35.204734802246037,45.504226684570256],[35.243312835693473,45.464550018310604],[35.258670806884936,45.447483062744084],[35.281913757324276,45.424736022949219],[35.321388244628963,45.396015167236328],[35.328910827636662,45.384323120117188],[35.337200164794865,45.384307861328296],[35.368896484375057,45.360713958740234],[35.408515930175838,45.331420898437443],[35.448726654052848,45.314216613769645],[35.455829620361612,45.310874938965014],[35.472648620605526,45.303054809570483],[35.480476379394588,45.297481536865462],[35.496719360351847,45.298088073730469],[35.504806518554858,45.298427581787337],[35.521411895752237,45.297882080078125],[35.556003570556811,45.300590515136719],[35.608283996582145,45.319152832031307],[35.64287185668951,45.321937561035327],[35.668907165527401,45.331325531005803],[35.686229705810831,45.329803466797102],[35.712226867675895,45.327507019043026],[35.720890045166072,45.332626342773438],[35.729545593261776,45.337753295898438],[35.729534149170206,45.349506378173828],[35.746826171875,45.359783172607422],[35.755462646484432,45.364933013916016],[35.755451202392862,45.370796203613338],[35.755443572998331,45.376640319824219],[35.746860504150675,45.383117675781193],[35.746936798095874,45.388896942138786],[35.76414871215826,45.399204254150504],[35.78128814697294,45.403793334960994],[35.789882659912109,45.409004211425895],[35.807067871094034,45.419498443603686],[35.815628051758097,45.436225891113338],[35.807167053222713,45.436592102050838],[35.807315826416129,45.442199707031364],[35.807525634765625,45.447772979736555],[35.807788848877124,45.453319549560774],[35.816066741943416,45.452861785888672],[35.824981689453409,45.463378906250114],[35.833267211914233,45.462768554687557],[35.850040435791129,45.462409973144645],[35.858257293701456,45.456447601318303],[35.86655426025419,45.450294494628906],[35.857906341552678,45.445114135742188],[35.841098785400675,45.441001892090071],[35.841171264648551,45.435031890869254],[35.849655151367358,45.422458648681754],[35.866531372070426,45.403457641601619],[35.90002822876005,45.383697509765625],[35.958438873291016,45.363071441650447],[35.975086212158203,45.362384796142692],[35.991775512695312,45.355693817138786],[36.000118255615291,45.361358642578239],[36.016841888427905,45.360683441162394],[36.033672332763729,45.366016387939567],[36.042308807373331,45.377674102783146],[36.050868988037166,45.383331298828125],[36.059455871582202,45.388988494873047],[36.068069458007812,45.394645690918026],[36.06851959228527,45.406597137451229],[36.068763732910099,45.412563323974894],[36.060867309570369,45.424808502197266],[36.069580078125171,45.430450439453125],[36.078304290771541,45.436092376709155],[36.087036132812784,45.441734313964844],[36.103878021240291,45.441116333007812],[36.12136459350603,45.452411651611442],[36.180877685547159,45.462234497070426],[36.189270019531534,45.461944580078125],[36.214420318603686,45.461082458496207],[36.231548309326456,45.466476440429688],[36.248294830322379,45.465919494628906],[36.273395538330078,45.465103149414176],[36.281757354736499,45.464836120605526],[36.306835174560604,45.464054107666129],[36.323543548584155,45.463542938232422],[36.331893920898494,45.463294982910213],[36.332298278808651,45.469253540039119],[36.340652465820369,45.469009399414062],[36.349002838134879,45.468769073486555],[36.348594665527344,45.46280670166027],[36.364875793457088,45.456363677978743],[36.380752563476676,45.443965911865462],[36.389083862304744,45.443740844726676],[36.421997070312784,45.436908721924055],[36.430732727050895,45.442676544189567],[36.439479827880859,45.448444366455021],[36.472782135009879,45.447673797607365],[36.481105804443359,45.447490692138615],[36.488536834716967,45.435382843017805],[36.520454406738452,45.416816711425895],[36.537033081054688,45.416515350341854],[36.553611755371037,45.416229248046932],[36.55454254150419,45.428138732910156],[36.56334304809576,45.433940887451115],[36.571666717529467,45.433792114257926],[36.588336944580135,45.433502197265625],[36.595630645752237,45.421489715576286],[36.603446960449389,45.415416717529411],[36.602416992187784,45.403549194335938],[36.610218048095874,45.397491455078352],[36.634300231933537,45.385066986084269],[36.634006500244084,45.378787994384879],[36.64572906494169,45.369552612304972],[36.63479232788103,45.371982574462891],[36.62598037719755,45.360599517822322],[36.616821289062557,45.355289459228572],[36.608329772949503,45.349239349365519],[36.599838256835938,45.343193054199503],[36.574726104736499,45.337478637695597],[36.566410064697322,45.337646484375057],[36.558105468750057,45.337795257568644],[36.549800872802791,45.337944030761719],[36.541488647460994,45.338115692138899],[36.525028228759822,45.344543457031364],[36.516593933105753,45.338592529297102],[36.516742706298999,45.344696044922102],[36.492080688476619,45.351226806640739],[36.484020233154354,45.357440948486612],[36.475513458251896,45.351551055908146],[36.475307464599894,45.345485687255859],[36.458087921142635,45.32142639160179],[36.466400146484659,45.321239471435717],[36.466300964355639,45.315082550048942],[36.474552154540959,45.308700561523551],[36.491218566894815,45.308280944824276],[36.491146087646428,45.302104949951286],[36.482833862304972,45.302272796630916],[36.482761383056584,45.296100616455078],[36.474376678466797,45.290092468261719],[36.449378967285213,45.28446197509777],[36.432708740234546,45.278694152832259],[36.424346923828296,45.272743225097656],[36.415988922119425,45.266803741455362],[36.415866851806811,45.254501342773722],[36.424156188965014,45.254276275634709],[36.424030303955249,45.241970062256087],[36.432315826416072,45.241741180419922],[36.432254791259936,45.235584259033146],[36.423904418945597,45.229663848876896],[36.423778533935831,45.217357635498104],[36.407108306884822,45.205574035644531],[36.407051086425838,45.199432373046818],[36.406993865967081,45.193290710449332],[36.406879425048999,45.181011199951456],[36.415187835693473,45.168506622314453],[36.406822204589901,45.162639617920149],[36.415458679199276,45.15025711059576],[36.423858642578239,45.143878936767578],[36.423515319824503,45.137580871582145],[36.431472778320369,45.130939483642635],[36.43114089965826,45.124633789062614],[36.430812835693416,45.11832427978527],[36.438446044922046,45.105354309082145],[36.429836273193416,45.099430084228516],[36.438117980957088,45.099048614501953],[36.462333679199276,45.085403442382812],[36.461990356445369,45.079074859619197],[36.461811065673999,45.072517395019759],[36.4534912109375,45.061439514160384],[36.444519042968693,45.061737060546875],[36.436027526855526,45.056392669677962],[36.418666839599553,45.057128906250284],[36.418857574462834,45.051418304443416],[36.401687622070369,45.046443939209041],[36.393005371094034,45.046810150146484],[36.384517669678019,45.041465759277457],[36.376029968262003,45.036121368408374],[36.367160797119425,45.042201995849609],[36.358673095703409,45.036857604980526],[36.341163635254077,45.043300628662394],[36.332656860351619,45.037956237793026],[36.315364837646541,45.038681030273438],[36.306789398193416,45.039031982421818],[36.290733337402457,45.039596557617131],[36.281082153320483,45.034385681152401],[36.255413055419922,45.029750823974723],[36.246845245361499,45.018714904785384],[36.229812622070312,45.013755798340071],[36.212768554687443,45.014541625976619],[36.187389373779354,45.01571273803728],[36.158836364746264,45.022361755371151],[36.120746612548771,45.023906707763672],[36.059440612792969,45.033172607421875],[36.042907714843807,45.027984619140625],[36.02702713012701,45.029022216797102],[36.01842117309576,45.023307800293196],[35.998123168945369,45.006515502929915],[35.970520019531534,44.996417999267578],[35.963108062744197,44.996726989746094],[35.951007843017578,45.002929687500114],[35.943599700927905,45.003288269043026],[35.901584625244084,44.993770599365234],[35.873802185058878,44.983684539794922],[35.866577148437784,44.984008789062727],[35.859375000000171,44.984344482421875],[35.864212036132869,44.996082305908203],[35.856281280517635,45.002628326416072],[35.847824096679744,45.003200531005916],[35.839050292968807,45.003810882568473],[35.838951110839844,45.009883880615348],[35.8475341796875,45.015293121337891],[35.847389221191406,45.021335601806754],[35.838588714599723,45.028026580810661],[35.811847686767635,45.048160552978572],[35.749408721923999,45.082950592041129],[35.713886260986612,45.097576141357479],[35.705085754394702,45.098098754882926],[35.669830322265682,45.112609863281364],[35.608551025390796,45.128486633300724],[35.591117858886832,45.129333496093807],[35.565002441406534,45.130451202392692],[35.538974761963175,45.124794006347713],[35.478328704834269,45.100376129150391],[35.460933685302848,45.09443664550804],[35.452087402344034,45.088550567626953],[35.443088531494311,45.08941650390625],[35.407501220703125,45.060043334960938],[35.389537811279354,45.042427062988395],[35.380462646484546,45.024002075195312],[35.389495849609432,45.022975921630859],[35.389526367187784,45.016426086426009],[35.398700714111385,45.01518630981468],[35.39881515502924,45.008506774902287],[35.417545318603686,45.005451202392635],[35.426509857177905,45.004714965820312],[35.426235198974894,44.998847961425781],[35.407978057861328,44.988105773925724],[35.398975372314737,44.988910675048942],[35.362232208252124,44.980796813964957],[35.361923217773438,44.968479156494197],[35.361713409423885,44.962455749511946],[35.378364562988452,44.944282531738452],[35.387096405029354,44.944042205810774],[35.395832061767635,44.943798065185547],[35.386676788330135,44.938472747802734],[35.369636535644588,44.944522857665959],[35.360855102539119,44.944869995117188],[35.361186981201286,44.95063781738304],[35.343276977539062,44.952056884765568],[35.334312438964844,44.952819824218693],[35.325557708740519,44.959712982177791],[35.316596984863338,44.960559844970703],[35.307643890380803,44.961421966552791],[35.298534393310717,44.956050872802791],[35.289615631103572,44.956886291503906],[35.271884918212947,44.958412170410156],[35.254009246826456,44.953639984130973],[35.245235443115519,44.954269409179744],[35.244663238525675,44.942104339599609],[35.25296783447294,44.929172515869368],[35.244117736816463,44.929897308349609],[35.243854522705135,44.923793792724609],[35.243297576904354,44.911685943603629],[35.216499328613338,44.907665252685661],[35.189815521240405,44.903560638427905],[35.18107986450201,44.904129028320426],[35.180721282959041,44.898155212402401],[35.1719970703125,44.898681640625],[35.16329574584978,44.899116516113338],[35.154228210449389,44.893589019775334],[35.145160675048999,44.888031005859375],[35.134857177734432,44.864978790283146],[35.125347137451342,44.853641510009993],[35.114971160888956,44.830711364746207],[35.123321533203296,44.824298858642692],[35.114154815673885,44.818973541259879],[35.104587554931697,44.807746887207088],[35.086860656738224,44.802707672119368],[35.079235076904354,44.791210174560547],[35.070007324218807,44.791538238525504],[35.061565399170206,44.79167556762701],[35.053180694580362,44.791801452636832],[35.045211791992244,44.797664642333984],[35.036952972412394,44.79779052734375],[35.037288665771541,44.803539276123161],[35.037631988525447,44.809295654297102],[35.037979125976676,44.815055847168082],[35.021808624267635,44.821071624755973],[35.013896942138956,44.826961517334041],[34.989105224609432,44.827323913574219],[34.980846405029354,44.827445983886832],[34.972930908203182,44.833332061767578],[34.948493957519588,44.839454650878963],[34.940231323242358,44.839572906494254],[34.914764404296989,44.828411102295092],[34.906501770019588,44.828529357910213],[34.89824295043951,44.828651428222599],[34.897903442382983,44.822895050048828],[34.897563934326115,44.817142486572266],[34.889640808105412,44.823017120361271],[34.881042480469034,44.817386627197322],[34.864860534667969,44.823379516601619],[34.856597900390739,44.823501586914006],[34.839736938476562,44.817996978759822],[34.831478118896541,44.818119049072266],[34.814952850342081,44.818363189697493],[34.806694030761719,44.818485260009766],[34.798431396484659,44.818607330322379],[34.765380859375057,44.819099426269645],[34.740257263183878,44.813724517822436],[34.731658935546989,44.808097839355639],[34.715469360351847,44.814098358154297],[34.681411743164233,44.79735183715826],[34.655960083008097,44.786231994628963],[34.639430999755916,44.78648757934576],[34.631168365478516,44.786613464355526],[34.622577667236499,44.780990600585938],[34.597137451171932,44.769863128662109],[34.580287933349666,44.764362335205135],[34.571701049804688,44.758731842041129],[34.563121795654354,44.753097534179972],[34.546592712402401,44.753353118896598],[34.529747009277344,44.747844696045036],[34.520858764648494,44.736438751220703],[34.487487792968807,44.731182098388899],[34.462097167968807,44.720012664795036],[34.445335388183651,44.70849609375],[34.436740875244084,44.702587127685774],[34.402160644531421,44.672843933105469],[34.393024444580362,44.654735565185661],[34.383605957031534,44.630523681640796],[34.366767883300838,44.624805450439567],[34.366203308105526,44.612602233886719],[34.358253479003849,44.594173431396484],[34.358566284179744,44.587909698486328],[34.341503143310604,44.588428497314453],[34.341812133789347,44.582183837890739],[34.334133148193303,44.57015609741228],[34.334648132324389,44.564105987549055],[34.335208892822322,44.558105468750227],[34.335769653320312,44.552139282226562],[34.336940765380973,44.540298461914062],[34.329036712646655,44.534671783447266],[34.319953918457202,44.54082107543951],[34.310867309570369,44.546993255615348],[34.302371978759822,44.547252655029297],[34.294486999511776,44.541603088378906],[34.286605834960938,44.535968780517521],[34.27812576293951,44.536228179931697],[34.270256042480526,44.530609130859432],[34.269641876220987,44.536483764648438],[34.261779785156421,44.530868530273551],[34.262390136718807,44.525005340576399],[34.262989044189396,44.519157409668026],[34.255702972412394,44.507751464843977],[34.256275177002237,44.501934051513899],[34.247817993164006,44.502189636230526],[34.230907440185831,44.502700805664062],[34.214580535888842,44.497398376464844],[34.206134796142862,44.497653961181641],[34.181373596191463,44.492607116699219],[34.165626525878906,44.481525421142805],[34.150527954101847,44.464851379394588],[34.136257171630916,44.436737060547046],[34.136680603027514,44.430992126464844],[34.128650665283317,44.425487518310661],[34.120223999023381,44.425727844238509],[34.103378295898551,44.426170349121207],[34.094955444335994,44.426376342773551],[34.086940765380803,44.420581817626953],[34.070106506347827,44.420917510986442],[34.053684234619197,44.415153503417969],[34.046066284179858,44.403087615966797],[34.029243469238224,44.403358459472827],[34.020435333251953,44.409614562988281],[34.012420654297159,44.403621673583984],[33.987583160400391,44.397876739501896],[33.979938507080021,44.385730743408203],[33.971530914306925,44.385852813720646],[33.954711914062671,44.386089324951172],[33.946300506591854,44.386207580566406],[33.937515258789062,44.392459869384822],[33.903507232666186,44.399063110351676],[33.895103454589957,44.399177551269531],[33.886699676513842,44.399288177490291],[33.869892120361328,44.399509429931868],[33.861106872558651,44.405769348144815],[33.836654663086108,44.393791198730469],[33.828254699707202,44.393894195556641],[33.819854736328296,44.393997192382812],[33.811454772949389,44.394100189208984],[33.811820983886719,44.38795089721674],[33.803421020507812,44.38805007934593],[33.786979675293253,44.382106781005859],[33.794654846191406,44.394302368164176],[33.803054809570483,44.394199371338004],[33.811084747314567,44.400249481201229],[33.819480895996264,44.400146484375057],[33.843925476074276,44.412139892578125],[33.852321624756144,44.412033081054801],[33.860725402832088,44.411922454834041],[33.877136230468807,44.417854309082202],[33.88514328002924,44.423892974853572],[33.893543243408203,44.423778533935661],[33.910346984863338,44.423542022705305],[33.918346405029297,44.429565429687557],[33.926746368408374,44.429439544677962],[33.926338195800838,44.435577392578125],[33.925926208496094,44.441707611084098],[33.916690826416072,44.454059600830305],[33.906982421874943,44.472076416015852],[33.897663116455135,44.483753204345874],[33.897212982177905,44.489444732666016],[33.896442413330249,44.500720977783203],[33.888572692871151,44.49530029296875],[33.879936218261889,44.501140594482479],[33.870891571045092,44.512596130371037],[33.870494842529467,44.518218994140682],[33.87015533447294,44.523899078369254],[33.869827270507983,44.52959060668968],[33.861553192138672,44.529788970947322],[33.861885070800838,44.524097442627067],[33.845726013183878,44.518840789794922],[33.837467193603516,44.519050598144645],[33.837871551513842,44.513431549072379],[33.829616546631144,44.513641357421932],[33.821361541748104,44.513851165771484],[33.813507080078409,44.508441925048942],[33.797657012939453,44.497566223144531],[33.797924041748161,44.491893768310661],[33.789379119873331,44.497768402099723],[33.772537231445483,44.50383377075218],[33.763942718505916,44.509685516357422],[33.747058868408203,44.515731811523494],[33.738796234130973,44.51594161987299],[33.722263336181641,44.516349792480526],[33.713996887207202,44.516555786132926],[33.713630676269702,44.522182464599723],[33.721050262451286,44.533184051513729],[33.712791442871378,44.533393859863224],[33.712364196777401,44.538990020752067],[33.70410537719755,44.539196014404411],[33.711997985839957,44.544654846191406],[33.711650848388729,44.550334930419922],[33.703376770019588,44.550525665283203],[33.695457458496037,44.5450439453125],[33.687187194824276,44.545238494873104],[33.678913116455362,44.545433044433594],[33.678558349609432,44.551105499267635],[33.669589996338175,44.562656402588004],[33.677551269531421,44.568168640136719],[33.677280426025561,44.573898315429744],[33.668819427490519,44.579875946044922],[33.668914794922159,44.585849761963118],[33.686046600341967,44.597671508789006],[33.686340332031421,44.603771209717024],[33.694618225097713,44.603580474853743],[33.702892303466854,44.603393554687443],[33.711170196533487,44.603202819824162],[33.710876464844034,44.597103118896712],[33.727722167968921,44.602821350097599],[33.735420227050838,44.590431213378906],[33.743698120117472,44.590240478515625],[33.743984222412394,44.596343994140625],[33.744274139404354,44.602443695068587],[33.744567871093807,44.608543395996037],[33.744869232177791,44.614646911621037],[33.753459930419979,44.620559692382756],[33.754417419433764,44.63272857666027],[33.755035400390682,44.642757415771769],[33.755146026611385,44.644546508789176],[33.763751983642635,44.650295257568416],[33.764469146728516,44.662101745605582],[33.773418426513842,44.673748016357479],[33.773769378662109,44.679645538330078],[33.765888214111612,44.685707092285384],[33.757656097412166,44.685871124267692],[33.749427795410099,44.68603515625],[33.741558074951342,44.692100524902344],[33.725475311279581,44.698337554931641],[33.72583389282255,44.704238891601676],[33.709411621093921,44.704578399658146],[33.701202392578296,44.704750061035213],[33.684787750244197,44.705093383789062],[33.66838455200201,44.705440521240462],[33.659805297851562,44.699707031249943],[33.651988983154354,44.705791473388729],[33.643795013427791,44.70597076416027],[33.627021789550952,44.700408935546932],[33.618831634521769,44.700588226318359],[33.620014190673771,44.718334197998047],[33.620792388916016,44.730159759521484],[33.613399505615405,44.742172241210994],[33.621944427490234,44.747890472412109],[33.630107879638956,44.747703552246151],[33.663162231445426,44.752864837646484],[33.6798744201663,44.758396148681641],[33.680583953857479,44.770195007324446],[33.672767639160156,44.776275634765682],[33.664958953857479,44.782363891601562],[33.65679931640625,44.782554626464844],[33.640853881836051,44.788837432861442],[33.624565124511719,44.789230346679688],[33.609035491943416,44.801433563232536],[33.600910186767862,44.80163955688505],[33.592792510986499,44.801841735839901],[33.585056304931754,44.807956695556584],[33.585430145263729,44.813861846923771],[33.571109771728572,44.843807220458928],[33.579563140869425,44.849487304687671],[33.587646484375284,44.849269866943416],[33.596450805664347,44.860843658447266],[33.606960296630916,44.901863098144645],[33.615371704101733,44.907524108886946],[33.608631134033374,44.931285858154354],[33.60895919799799,44.937168121337947],[33.609931945800838,44.954803466796932],[33.602848052978459,44.972675323486385],[33.603164672851733,44.978549957275447],[33.60348129272478,44.984424591064453],[33.611839294433651,44.990043640136719],[33.605033874512003,45.013774871826172],[33.582817077636776,45.049766540527344],[33.55333328247076,45.097782135009993],[33.553619384765682,45.103645324707145],[33.54570388793951,45.103927612304858],[33.523471832275675,45.134117126465071],[33.515903472900561,45.140281677246207],[33.501110076904354,45.158500671386776],[33.48581695556669,45.165016174316634],[33.463172912597827,45.177780151367244],[33.440696716308594,45.190605163574332],[33.425701141357592,45.197238922119084],[33.402915954590014,45.198429107666016],[33.39506912231451,45.192958831787337],[33.394763946533146,45.187076568603629],[33.364204406738452,45.177032470703352],[33.356796264648494,45.177490234375114],[33.335090637207088,45.184810638427848],[33.327522277831974,45.179420471191406],[33.326866149902401,45.167629241943473],[33.312129974365519,45.162769317627124],[33.297557830810604,45.157958984375227],[33.290561676025504,45.158367156982422],[33.282794952392521,45.164077758789119],[33.273826599121151,45.169456481933707],[33.26493072509794,45.180667877197266],[33.23801422119152,45.191154479980696],[33.228942871093921,45.190792083740234],[33.219848632812557,45.190437316894645],[33.210739135742301,45.190093994140568],[33.201850891113281,45.19560623168951],[33.192970275878963,45.201129913330135],[33.184093475341854,45.206661224365291],[33.175018310546932,45.206371307373161],[33.166160583496037,45.211921691894588],[33.166351318359318,45.217750549316349],[33.157489776611271,45.223304748535156],[33.130767822265682,45.234199523925952],[33.122085571289347,45.24559402465843],[33.113368988037223,45.256977081298828],[33.078010559082315,45.279350280761662],[33.042613983154411,45.296009063720817],[33.024971008300895,45.307247161865348],[33.016147613525334,45.312870025634766],[33.007324218750171,45.318492889404411],[33.007366180420206,45.324249267578182],[33.01622390747076,45.324386596679688],[33.033897399902401,45.313159942627067],[33.042762756347599,45.313308715820256],[33.042755126953068,45.324813842773438],[33.051582336425952,45.324962615966854],[33.042655944824276,45.336299896240234],[33.060222625732422,45.336582183838118],[33.068859100341797,45.342456817626953],[33.077735900878963,45.336875915527571],[33.077610015869311,45.342605590820369],[33.086357116699276,45.342758178710994],[33.08623123168951,45.348484039306754],[33.077487945556697,45.348331451416016],[33.059982299804858,45.348037719726562],[33.068614959716797,45.353908538818416],[33.068489074707315,45.359634399414347],[33.077110290527344,45.365512847900391],[33.076988220214901,45.371234893798828],[33.085723876953296,45.371391296386946],[33.094455718994197,45.371547698974723],[33.103183746338061,45.371707916259879],[33.112037658691577,45.36614990234375],[33.111774444580078,45.377597808838118],[33.120487213134709,45.377769470214787],[33.129199981689567,45.377941131591854],[33.129062652587834,45.383663177490291],[33.137626647949276,45.389560699462891],[33.137763977050781,45.383838653564453],[33.155014038085994,45.389915466308651],[33.146324157714787,45.389736175537109],[33.137493133545092,45.395282745361328],[33.154598236084269,45.407073974609432],[33.163280487060604,45.407245635986271],[33.171821594238338,45.413131713867244],[33.180358886718807,45.419002532959041],[33.180088043212947,45.430416107177962],[33.188896179199389,45.424846649169922],[33.206108093261776,45.430778503418253],[33.205974578857592,45.436477661132926],[33.214496612549112,45.442329406738338],[33.223148345947436,45.442478179931754],[33.231662750244425,45.448333740234489],[33.248954772949219,45.448623657226619],[33.248821258545206,45.454330444335994],[33.24868392944353,45.460037231445312],[33.265830993652401,45.466022491455078],[33.274333953857479,45.471866607666129],[33.265438079833928,45.483154296875227],[33.265567779541072,45.477443695068359],[33.265697479248047,45.471733093261776],[33.240039825439737,45.459896087646484],[33.231529235839957,45.454040527343864],[33.222877502441406,45.453891754150618],[33.223014831542969,45.448184967041072],[33.205703735351733,45.447887420654297],[33.197174072265682,45.442050933838118],[33.197303771972827,45.436351776123104],[33.188629150390909,45.436241149902571],[33.171276092529467,45.43597412109375],[33.171413421630803,45.430263519287223],[33.171546936035327,45.424556732177848],[33.171684265137003,45.418846130371094],[33.163143157959041,45.412963867187727],[33.154323577880916,45.418510437011946],[33.145774841308594,45.412620544433707],[33.14591217041044,45.40689849853527],[33.128791809082031,45.395111083984659],[33.128658294678019,45.400833129883097],[33.120086669921932,45.394939422607649],[33.111507415771769,45.389049530029354],[33.102920532226619,45.383159637451286],[33.102790832519645,45.388885498047046],[33.094200134277457,45.3829994201663],[33.094070434570256,45.388721466064737],[33.085342407226733,45.38856506347679],[33.085468292236385,45.382839202880859],[33.076736450195483,45.382686614990405],[33.068119049072322,45.376811981201229],[33.05937576293951,45.376663208007812],[33.059497833252124,45.370941162109375],[33.059619903564737,45.365215301513729],[33.033355712890739,45.364799499511662],[33.024593353271655,45.364669799804688],[33.024703979492188,45.358943939209098],[33.007316589355639,45.347232818603572],[33.007358551025675,45.341495513916016],[32.998531341552791,45.341365814209041],[32.99845123291027,45.35284423828125],[32.989643096923771,45.352722167968807],[32.989681243896655,45.346984863281477],[32.980854034424112,45.346862792968864],[32.972003936767635,45.3524818420413],[32.954341888428019,45.352252960205192],[32.954334259033487,45.346511840820312],[32.972015380859375,45.340995788574219],[32.989673614502124,45.329742431640625],[32.998531341552791,45.32987213134777],[32.998500823974666,45.324115753173828],[32.989631652832088,45.323986053467024],[32.963130950927678,45.335128784179744],[32.945487976074162,45.346397399902571],[32.936634063720703,45.34629058837902],[32.927825927734432,45.357669830322266],[32.918964385986385,45.351825714111385],[32.901298522949219,45.357368469238224],[32.883609771728516,45.357185363769531],[32.874767303466911,45.357097625732422],[32.865924835205135,45.357013702392635],[32.857082366943303,45.356933593750114],[32.821727752685604,45.356643676757812],[32.795227050781421,45.356460571289233],[32.777568817138842,45.356349945068359],[32.751094818115234,45.356204986572322],[32.742160797119197,45.350425720214901],[32.73320388793951,45.344646453857536],[32.724380493164347,45.344612121582031],[32.715560913085994,45.344577789306697],[32.706569671631144,45.338802337646484],[32.697544097900447,45.333023071289119],[32.688480377197266,45.327239990234375],[32.679653167724894,45.327217102050895],[32.670227050781534,45.315658569335938],[32.661026000976619,45.309860229492301],[32.642890930175838,45.304027557373161],[32.634014129638729,45.304008483886889],[32.625579833984659,45.309783935547102],[32.60782623291027,45.309749603271598],[32.608280181884822,45.315544128418082],[32.599414825439453,45.315528869628963],[32.590991973877237,45.321308135986385],[32.581653594970646,45.31550216674799],[32.564376831054972,45.321277618408203],[32.555995941162166,45.327064514160156],[32.538192749023494,45.327037811279524],[32.520687103271484,45.326930999755973],[32.512325286865291,45.332733154296989],[32.495353698730412,45.332530975341797],[32.478649139404581,45.338260650634766],[32.495891571044922,45.350204467773494],[32.504985809326115,45.355941772461165],[32.50503158569353,45.361652374267521],[32.496299743652287,45.367546081543026],[32.496368408203125,45.373409271240291],[32.479072570800838,45.367946624755803],[32.470710754394815,45.373935699462947],[32.462337493896541,45.373908996582145],[32.462356567382756,45.379909515380973],[32.470855712890682,45.391757965088004],[32.47945785522478,45.397457122802848],[32.479545593261889,45.403343200683594],[32.488231658935717,45.408943176269588],[32.514312744140682,45.420009613037223],[32.523117065429744,45.431556701660099],[32.53178787231451,45.431369781494368],[32.531921386718864,45.443099975586165],[32.540588378906421,45.442920684814453],[32.540653228759709,45.448780059814567],[32.575481414794979,45.459854125976562],[32.575527191162394,45.465698242187443],[32.58421707153326,45.465557098388786],[32.601680755615178,45.476974487304688],[32.610374450683594,45.476852416992244],[32.619075775146655,45.476741790771541],[32.619106292724609,45.482566833496151],[32.627834320068359,45.488281250000057],[32.636558532714844,45.493999481201286],[32.645259857177791,45.493896484375114],[32.662689208984375,45.499530792236442],[32.688831329345987,45.505111694335994],[32.697547912597656,45.510845184326172],[32.706260681152628,45.516582489013842],[32.714981079101619,45.516529083251896],[32.73239898681669,45.528018951416016],[32.758548736572322,45.533699035644759],[32.767250061035213,45.539459228515739],[32.784709930419979,45.539432525634766],[32.784679412841854,45.54520416259777],[32.802185058593864,45.539440155029297],[32.810886383056925,45.54521560668951],[32.8284339904788,45.539520263671818],[32.837127685547159,45.545307159423942],[32.845703125000284,45.562591552734318],[32.83696365356451,45.562561035156364],[32.836914062500284,45.568317413330305],[32.828186035156193,45.568298339844034],[32.819458007812671,45.568286895751953],[32.819419860839844,45.574054718017805],[32.845500946045092,45.585624694824332],[32.854171752929858,45.591407775878906],[32.862892150878849,45.591434478759879],[32.871505737304858,45.602981567382926],[32.897464752197379,45.620368957519815],[32.906112670898494,45.626167297363281],[32.940795898437557,45.637912750244197],[32.94942855834978,45.643730163574276],[32.95813369751005,45.643817901611328],[32.966762542724609,45.649646759033487],[33.001335144043253,45.667259216308707],[33.010047912597713,45.667392730713004],[33.027282714844034,45.679077148437614],[33.036094665527344,45.673515319824446],[33.044708251953296,45.679351806640625],[33.053417205810604,45.67948150634777],[33.062019348144474,45.685314178467081],[33.07061767578125,45.691162109375],[33.079204559326229,45.697029113769645],[33.087886810302905,45.697193145751953],[33.096466064453182,45.703083038330249],[33.105140686035156,45.703254699707088],[33.113815307617244,45.703422546386719],[33.139629364013729,45.715373992920149],[33.15686416626005,45.721431732177905],[33.16494369506853,45.755935668945369],[33.164657592773608,45.773097991943359],[33.173137664794922,45.784721374511946],[33.173042297363281,45.790443420410384],[33.181716918945369,45.790622711181584],[33.173328399658203,45.773277282715071],[33.173423767089844,45.767555236816634],[33.190948486328409,45.756458282470987],[33.208374023437671,45.751083374023438],[33.225803375244311,45.745708465576399],[33.251811981201229,45.746246337890739],[33.286369323730639,45.758476257324162],[33.303768157959269,45.758876800537337],[33.321132659912053,45.765052795410213],[33.338565826416072,45.771278381347827],[33.347332000732422,45.771526336670206],[33.364891052246378,45.783641815185774],[33.382469177246094,45.789962768554858],[33.382465362548885,45.801582336425724],[33.417377471923885,45.814041137695312],[33.417343139648722,45.808200836181641],[33.425979614257983,45.808334350586165],[33.426017761230526,45.814182281494368],[33.426059722900561,45.820034027099609],[33.434677124023722,45.820152282714844],[33.443313598632812,45.826110839843977],[33.460304260254077,45.820343017578125],[33.460380554199276,45.82622146606451],[33.460456848144815,45.832107543945256],[33.485889434814737,45.837966918945597],[33.486106872558651,45.849796295166186],[33.50295639038103,45.855567932128849],[33.502822875976562,45.849632263183878],[33.510856628418139,45.83762359619152],[33.519084930420206,45.837429046631087],[33.535545349121151,45.842868804931754],[33.54362869262701,45.842544555664347],[33.543338775634709,45.830646514892692],[33.551361083984432,45.830265045166129],[33.559467315673885,45.835784912109375],[33.559768676757869,45.847698211670092],[33.567947387695369,45.859100341797102],[33.575717926025675,45.858493804931754],[33.57584381103544,45.864425659179744],[33.575969696044922,45.870357513427905],[33.583538055420206,45.863750457763899],[33.599285125732592,45.880187988281421],[33.614788055419979,45.884761810302962],[33.622356414795092,45.878154754638786],[33.637615203857592,45.870868682861612],[33.637489318847827,45.864936828613281],[33.645153045654581,45.864257812500227],[33.652767181396598,45.863567352294979],[33.660099029541186,45.851139068603516],[33.6754798889163,45.838436126709269],[33.68337631225603,45.837902069092081],[33.683372497558651,45.843715667724666],[33.683383941650561,45.849529266357536],[33.683414459228572,45.855339050293082],[33.676376342773381,45.885261535644645],[33.676681518554744,45.89713287353527],[33.68436431884794,45.896453857421932],[33.722934722900447,45.910758972168026],[33.723182678222713,45.916770935058878],[33.730831146240178,45.915832519531193],[33.739021301269588,45.909065246582259],[33.74754714965826,45.908271789550781],[33.756145477295036,45.913257598876896],[33.747409820556925,45.914016723632869],[33.741077423095817,45.93736648559576],[33.733432769775447,45.94347000122076],[33.724277496337947,45.939109802246037],[33.708126068115519,45.940948486328182],[33.70042800903326,45.941974639892805],[33.685356140136719,45.943893432617188],[33.677665710449332,45.944572448730526],[33.654594421387003,45.946605682373161],[33.639087677001896,45.942031860351562],[33.638965606689453,45.936100006103629],[33.631275177001896,45.936779022216797],[33.623584747314567,45.937454223632812],[33.623710632324503,45.943386077880973],[33.631523132324503,45.948638916015568],[33.631645202636776,45.954570770263899],[33.631767272949219,45.96049880981451],[33.631893157959155,45.966423034667969],[33.630577087402628,45.97620773315424],[33.622474670410213,45.98204421997076],[33.613552093505859,45.997127532959098],[33.621364593505859,46.000843048095703],[33.629482269287166,45.995121002197266],[33.629470825195312,45.999908447265739],[33.629623413086222,46.009536743164233],[33.621330261230526,46.005603790283203],[33.613204956054972,46.006530761718977],[33.613224029541072,46.020832061767521],[33.613449096679688,46.030437469482422],[33.613784790039347,46.040069580078125],[33.613979339599609,46.044891357421932],[33.614189147949503,46.049713134765909],[33.622989654541072,46.053840637207259],[33.631576538085938,46.053146362304972],[33.640174865722827,46.052459716796875],[33.631858825683651,46.058116912841854],[33.632148742675781,46.063167572021598],[33.624095916748104,46.074073791503963],[33.616031646728516,46.085147857666016],[33.608245849609659,46.101776123046989],[33.626243591308764,46.111709594726676],[33.62656402587919,46.117240905761832],[33.628173828125171,46.145267486572322],[33.629108428955135,46.162303924560661],[33.621273040771541,46.179908752441634],[33.621570587158374,46.185646057129134],[33.630313873290959,46.185192108154411],[33.639362335205135,46.190486907959041],[33.64810943603544,46.190029144287109],[33.648094177246207,46.189727783203068],[33.656368255615291,46.18651199340826],[33.674156188964844,46.176525115966967],[33.693267822265682,46.166973114013672],[33.716388702392749,46.158302307128906],[33.746574401855412,46.143081665039119],[33.763507843017749,46.142684936523438],[33.776954650879077,46.15015792846674],[33.799285888671932,46.153282165527628],[33.820281982421932,46.155967712402287],[33.851913452148608,46.149913787841911],[33.883033752441463,46.138153076172102],[33.939239501953296,46.102733612060604],[33.972770690918253,46.08840560913103],[33.969173431396541,46.05028152465826],[33.990180969238452,46.055301666259879],[34.007228851318359,46.048568725586222],[34.015975952148494,46.047954559326172],[34.0247230529788,46.047340393066463],[34.042217254638729,46.046100616455135],[34.041763305664119,46.040607452392635],[34.050510406494084,46.039985656738565],[34.059257507324276,46.039360046386776],[34.067073822021769,46.027809143066406],[34.057369232177678,46.017627716064453],[34.056884765625284,46.012271881103516],[34.065628051758097,46.011634826660327],[34.074375152588061,46.010997772216854],[34.083610534667969,46.01572418212902]],[[34.500679016113395,46.045879364013672],[34.491905212402457,46.046524047851562],[34.500186920166072,46.040382385253849],[34.500679016113395,46.045879364013672]],[[34.048137664794979,46.012905120849666],[34.056392669678019,46.006938934326172],[34.056884765625284,46.012271881103516],[34.048137664794979,46.012905120849666]]],[[[33.417411804199389,45.819885253906364],[33.426105499267578,45.825889587402571],[33.417377471923885,45.814041137695312],[33.417411804199389,45.819885253906364]]],[[[33.443378448486612,45.831981658935661],[33.434726715087947,45.826015472412337],[33.426105499267578,45.825889587402571],[33.434783935546875,45.831878662109489],[33.452011108398494,45.837940216064624],[33.460536956787394,45.837993621826399],[33.443378448486612,45.831981658935661]]]]}},{"type":"Feature","properties":{"name_en":"Donetsk People\u0027s Republic","country":"Russia","admin_level":"federal_subject","disputed_territory":true},"geometry":{"type":"Polygon","coordinates":[[[37.9765625,49.13134765625],[37.981201171875,49.132232666015625],[37.98541259765625,49.13409423828125],[38.011505126953125,49.149658203125],[38.015838623046875,49.151397705078125],[38.0206298828125,49.152252197265625],[38.061767578125,49.150848388671875],[38.066741943359375,49.150054931640625],[38.070465087890625,49.148040771484375],[38.070159912109375,49.142913818359375],[38.06317138671875,49.1170654296875],[38.062255859375,49.109222412109375],[38.062408447265625,49.10552978515625],[38.0628662109375,49.10198974609375],[38.063323974609375,49.0947265625],[38.06207275390625,49.09063720703125],[38.060211181640625,49.086639404296875],[38.057586669921875,49.083251953125],[38.05450439453125,49.08038330078125],[38.04388427734375,49.07281494140625],[38.041015625,49.0699462890625],[38.04266357421875,49.061798095703125],[38.048583984375,49.0498046875],[38.07757568359375,49.00360107421875],[38.0777587890625,49.001220703125],[38.0777587890625,48.999847412109375],[38.0772705078125,48.99822998046875],[38.0760498046875,48.99530029296875],[38.073699951171875,48.992340087890625],[38.06982421875,48.990325927734375],[38.065338134765625,48.989166259765625],[38.049224853515625,48.9884033203125],[38.044830322265625,48.9874267578125],[38.043182373046875,48.984893798828125],[38.04254150390625,48.981536865234375],[38.042236328125,48.978179931640625],[38.040496826171875,48.97528076171875],[38.036285400390625,48.974151611328125],[38.024658203125,48.97454833984375],[38.019561767578125,48.973785400390625],[38.015838623046875,48.97161865234375],[38.01287841796875,48.9686279296875],[38.010406494140625,48.9649658203125],[38.008544921875,48.96112060546875],[38.008087158203125,48.957275390625],[38.00994873046875,48.954254150390625],[38.015838623046875,48.952545166015625],[38.02142333984375,48.951873779296875],[38.028228759765625,48.95025634765625],[38.03521728515625,48.947113037109375],[38.044830322265625,48.940643310546875],[38.051239013671875,48.938140869140625],[38.0577392578125,48.937042236328125],[38.171173095703125,48.932037353515625],[38.2100830078125,48.923919677734375],[38.213409423828125,48.913116455078125],[38.22503662109375,48.889923095703125],[38.228118896484375,48.879913330078125],[38.229522705078125,48.873016357421875],[38.229522705078125,48.858154296875],[38.2310791015625,48.854248046875],[38.23480224609375,48.850738525390625],[38.243316650390625,48.84698486328125],[38.25726318359375,48.844146728515625],[38.263153076171875,48.84381103515625],[38.275146484375,48.841827392578125],[38.27947998046875,48.839141845703125],[38.281494140625,48.835205078125],[38.281036376953125,48.82843017578125],[38.279327392578125,48.82373046875],[38.27947998046875,48.8182373046875],[38.282745361328125,48.811676025390625],[38.291748046875,48.800689697265625],[38.2957763671875,48.790069580078125],[38.296539306640625,48.78314208984375],[38.294830322265625,48.7781982421875],[38.290191650390625,48.770751953125],[38.28460693359375,48.76416015625],[38.272369384765625,48.75225830078125],[38.26971435546875,48.748779296875],[38.267974853515625,48.744873046875],[38.266937255859375,48.7410888671875],[38.266632080078125,48.73785400390625],[38.26641845703125,48.73272705078125],[38.267547607421875,48.72991943359375],[38.269500732421875,48.72735595703125],[38.274383544921875,48.7266845703125],[38.2940673828125,48.72967529296875],[38.299346923828125,48.729766845703125],[38.3038330078125,48.728515625],[38.30645751953125,48.725372314453125],[38.305389404296875,48.71929931640625],[38.30303955078125,48.714996337890625],[38.30010986328125,48.711090087890625],[38.284149169921875,48.696929931640625],[38.261444091796875,48.6837158203125],[38.255401611328125,48.679046630859375],[38.25384521484375,48.67742919921875],[38.2518310546875,48.674560546875],[38.249969482421875,48.671112060546875],[38.2489013671875,48.6673583984375],[38.248748779296875,48.66357421875],[38.251373291015625,48.638580322265625],[38.25604248046875,48.622650146484375],[38.25634765625,48.6207275390625],[38.256195068359375,48.61773681640625],[38.253997802734375,48.609832763671875],[38.253692626953125,48.605499267578125],[38.255706787109375,48.600921630859375],[38.267852783203125,48.579803466796875],[38.27001953125,48.5736083984375],[38.26983642578125,48.568145751953125],[38.268157958984375,48.563934326171875],[38.261749267578125,48.5521240234375],[38.2603759765625,48.54803466796875],[38.26007080078125,48.54425048828125],[38.262237548828125,48.540283203125],[38.2667236328125,48.536468505859375],[38.27716064453125,48.531585693359375],[38.289886474609375,48.5279541015625],[38.30523681640625,48.5255126953125],[38.310333251953125,48.523468017578125],[38.31390380859375,48.520538330078125],[38.314849853515625,48.515411376953125],[38.31500244140625,48.511077880859375],[38.31329345703125,48.50347900390625],[38.3118896484375,48.500396728515625],[38.311279296875,48.49951171875],[38.308624267578125,48.494659423828125],[38.305389404296875,48.486328125],[38.302581787109375,48.474090576171875],[38.301971435546875,48.4664306640625],[38.3021240234375,48.459014892578125],[38.304901123046875,48.45458984375],[38.3101806640625,48.449951171875],[38.32366943359375,48.443145751953125],[38.3323974609375,48.4405517578125],[38.33984375,48.43939208984375],[38.34527587890625,48.439239501953125],[38.35101318359375,48.438201904296875],[38.36419677734375,48.432586669921875],[38.370086669921875,48.43182373046875],[38.375335693359375,48.432098388671875],[38.37957763671875,48.4337158203125],[38.383087158203125,48.435882568359375],[38.3896484375,48.441253662109375],[38.39337158203125,48.4434814453125],[38.39910888671875,48.442291259765625],[38.40625,48.437347412109375],[38.4171142578125,48.424102783203125],[38.421142578125,48.41693115234375],[38.423614501953125,48.411285400390625],[38.424530029296875,48.40802001953125],[38.42608642578125,48.404876708984375],[38.429962158203125,48.401214599609375],[38.435699462890625,48.3970947265625],[38.457000732421875,48.3856201171875],[38.466766357421875,48.37615966796875],[38.480560302734375,48.35760498046875],[38.48272705078125,48.35284423828125],[38.48272705078125,48.350738525390625],[38.481964111328125,48.347625732421875],[38.48040771484375,48.344207763671875],[38.47808837890625,48.34100341796875],[38.474822998046875,48.338287353515625],[38.47125244140625,48.33612060546875],[38.46722412109375,48.334503173828125],[38.46319580078125,48.333465576171875],[38.417572021484375,48.328338623046875],[38.41461181640625,48.327667236328125],[38.4119873046875,48.32647705078125],[38.409820556640625,48.324127197265625],[38.40966796875,48.32110595703125],[38.40997314453125,48.317718505859375],[38.41290283203125,48.310455322265625],[38.41912841796875,48.298919677734375],[38.423614501953125,48.285614013671875],[38.426727294921875,48.28204345703125],[38.432281494140625,48.27862548828125],[38.445220947265625,48.27459716796875],[38.46087646484375,48.27239990234375],[38.56097412109375,48.278839111328125],[38.566253662109375,48.277618408203125],[38.57073974609375,48.27435302734375],[38.57647705078125,48.26629638671875],[38.58111572265625,48.25689697265625],[38.584228515625,48.246612548828125],[38.588714599609375,48.237091064453125],[38.604278564453125,48.21331787109375],[38.6058349609375,48.21026611328125],[38.607177734375,48.206939697265625],[38.606536865234375,48.20318603515625],[38.603668212890625,48.195068359375],[38.601470947265625,48.18701171875],[38.600982666015625,48.18316650390625],[38.603668212890625,48.179107666015625],[38.609222412109375,48.17498779296875],[38.630462646484375,48.165924072265625],[38.75616455078125,48.134002685546875],[38.81402587890625,48.111419677734375],[38.81805419921875,48.10791015625],[38.8211669921875,48.10321044921875],[38.822723388671875,48.094268798828125],[38.821319580078125,48.089019775390625],[38.81884765625,48.0848388671875],[38.80999755859375,48.075439453125],[38.80487060546875,48.068450927734375],[38.802703857421875,48.064605712890625],[38.8011474609375,48.060546875],[38.80023193359375,48.056671142578125],[38.80535888671875,48.050445556640625],[38.814971923828125,48.04296875],[38.840118408203125,48.0279541015625],[38.852691650390625,48.0228271484375],[38.8623046875,48.020111083984375],[38.93365478515625,48.021087646484375],[39.027099609375,48.006622314453125],[39.031280517578125,48.00103759765625],[39.03375244140625,47.991943359375],[39.030975341796875,47.958770751953125],[39.031280517578125,47.9498291015625],[39.0357666015625,47.942535400390625],[39.04010009765625,47.938568115234375],[39.044921875,47.9356689453125],[39.05364990234375,47.93157958984375],[39.05499267578125,47.92376708984375],[39.055511474609375,47.9173583984375],[39.0380859375,47.8658447265625],[39.036224365234375,47.857330322265625],[39.036163330078125,47.85699462890625],[38.877227783203125,47.861236572265625],[38.8309326171875,47.848236083984375],[38.79620361328125,47.819915771484375],[38.77099609375,47.78082275390625],[38.7532958984375,47.735137939453125],[38.745147705078125,47.693084716796875],[38.7344970703125,47.6771240234375],[38.7130126953125,47.67572021484375],[38.6778564453125,47.685150146484375],[38.662139892578125,47.68328857421875],[38.643341064453125,47.67352294921875],[38.606353759765625,47.645050048828125],[38.587646484375,47.63427734375],[38.56219482421875,47.626617431640625],[38.3529052734375,47.607086181640625],[38.31903076171875,47.591278076171875],[38.29339599609375,47.562774658203125],[38.274383544921875,47.52783203125],[38.26031494140625,47.492919921875],[38.26361083984375,47.42169189453125],[38.2579345703125,47.393218994140625],[38.23333740234375,47.362396240234375],[38.203369140625,47.334625244140625],[38.1905517578125,47.31689453125],[38.188690185546875,47.30096435546875],[38.20098876953125,47.290618896484375],[38.220306396484375,47.288787841796875],[38.25762939453125,47.292724609375],[38.275726318359375,47.29180908203125],[38.291839599609375,47.287017822265625],[38.300933837890625,47.2760009765625],[38.29815673828125,47.256011962890625],[38.284698486328125,47.241119384765625],[38.263946533203125,47.23150634765625],[38.241302490234375,47.22393798828125],[38.222503662109375,47.2152099609375],[38.203460693359375,47.192291259765625],[38.19696044921875,47.162384033203125],[38.201416015625,47.1307373046875],[38.216644287109375,47.103240966796875],[38.216644287109375,47.103240966796875],[38.216461181640625,47.10308837890625],[38.1962890625,47.0894775390625],[38.142242431640625,47.03765869140625],[38.108062744140625,47.026336669921875],[38.13037109375,47.05841064453125],[38.130035400390625,47.07464599609375],[38.104339599609375,47.08160400390625],[38.071533203125,47.09979248046875],[38.066558837890625,47.09808349609375],[38.06103515625,47.094940185546875],[38.03515625,47.08428955078125],[38.026214599609375,47.08160400390625],[37.987640380859375,47.0919189453125],[37.962066650390625,47.095916748046875],[37.950439453125,47.09124755859375],[37.861083984375,47.10150146484375],[37.753265380859375,47.07525634765625],[37.710296630859375,47.07415771484375],[37.580718994140625,47.09039306640625],[37.54638671875,47.08160400390625],[37.48291015625,47.03594970703125],[37.3779296875,46.93389892578125],[37.351715087890625,46.89874267578125],[37.335205078125,46.8824462890625],[37.31298828125,46.87554931640625],[37.3173828125,46.90081787109375],[37.29541015625,46.92022705078125],[37.2607421875,46.93267822265625],[37.22705078125,46.936981201171875],[37.208160400390625,46.933563232421875],[37.162261962890625,46.9090576171875],[37.046539306640625,46.87774658203125],[37.037750244140625,46.87664794921875],[37.037689208984375,46.876708984375],[37.009552001953125,46.914825439453125],[37.00830078125,46.918243408203125],[37.007843017578125,46.92193603515625],[37.009552001953125,46.926788330078125],[37.012481689453125,46.9300537109375],[37.015594482421875,46.933135986328125],[37.018829345703125,46.93572998046875],[37.04742431640625,46.953857421875],[37.0511474609375,46.95684814453125],[37.057037353515625,46.95947265625],[37.06182861328125,46.9610595703125],[37.0672607421875,46.96099853515625],[37.07208251953125,46.959716796875],[37.081512451171875,46.956207275390625],[37.086334228515625,46.955108642578125],[37.0911865234375,46.954986572265625],[37.09552001953125,46.956085205078125],[37.099700927734375,46.957733154296875],[37.11444091796875,46.9656982421875],[37.115692138671875,46.969879150390625],[37.11444091796875,46.97576904296875],[37.093658447265625,47.0],[37.09381103515625,47.000885009765625],[37.098480224609375,47.005706787109375],[37.105621337890625,47.011260986328125],[37.116607666015625,47.017669677734375],[37.119720458984375,47.02020263671875],[37.1204833984375,47.023895263671875],[37.11846923828125,47.028167724609375],[37.111328125,47.033905029296875],[37.106231689453125,47.0369873046875],[37.090972900390625,47.04388427734375],[37.0740966796875,47.0557861328125],[37.070831298828125,47.057525634765625],[37.067108154296875,47.05804443359375],[37.0638427734375,47.056549072265625],[37.060760498046875,47.0540771484375],[37.055328369140625,47.047821044921875],[37.052520751953125,47.04522705078125],[37.04913330078125,47.044769287109375],[37.045867919921875,47.046142578125],[37.01092529296875,47.06561279296875],[37.006439208984375,47.069915771484375],[37.0025634765625,47.076507568359375],[36.99078369140625,47.10614013671875],[36.9830322265625,47.117431640625],[36.96746826171875,47.135467529296875],[36.9625244140625,47.139678955078125],[36.95880126953125,47.14190673828125],[36.94049072265625,47.149627685546875],[36.897674560546875,47.16217041015625],[36.88897705078125,47.166046142578125],[36.86444091796875,47.18243408203125],[36.85870361328125,47.187652587890625],[36.85699462890625,47.190643310546875],[36.856536865234375,47.193695068359375],[36.860076904296875,47.197235107421875],[36.86444091796875,47.199005126953125],[36.869903564453125,47.199798583984375],[36.922607421875,47.202728271484375],[36.931671142578125,47.204864501953125],[36.935546875,47.206573486328125],[36.938629150390625,47.208984375],[36.940338134765625,47.212310791015625],[36.941131591796875,47.2159423828125],[36.938018798828125,47.241119384765625],[36.9361572265625,47.248138427734375],[36.93353271484375,47.25360107421875],[36.918487548828125,47.275146484375],[36.9139404296875,47.283599853515625],[36.912994384765625,47.293853759765625],[36.9156494140625,47.298248291015625],[36.919403076171875,47.30126953125],[36.92779541015625,47.3043212890625],[36.93212890625,47.305084228515625],[36.93646240234375,47.3050537109375],[36.93988037109375,47.30352783203125],[36.94329833984375,47.30145263671875],[36.947021484375,47.299530029296875],[36.95196533203125,47.298736572265625],[36.9620361328125,47.298583984375],[36.966552734375,47.297607421875],[36.970123291015625,47.295654296875],[36.97320556640625,47.293212890625],[36.977386474609375,47.291107177734375],[36.98907470703125,47.28863525390625],[37.007843017578125,47.28692626953125],[37.0289306640625,47.28753662109375],[37.065399169921875,47.296173095703125],[37.069427490234375,47.29803466796875],[37.0723876953125,47.30059814453125],[37.074249267578125,47.304168701171875],[37.07470703125,47.307891845703125],[37.0740966796875,47.318817138671875],[37.074859619140625,47.322723388671875],[37.07672119140625,47.326385498046875],[37.078887939453125,47.329986572265625],[37.0877685546875,47.339874267578125],[37.089935302734375,47.342926025390625],[37.092132568359375,47.346771240234375],[37.0958251953125,47.355194091796875],[37.100189208984375,47.36273193359375],[37.103271484375,47.3656005859375],[37.106536865234375,47.368072509765625],[37.11444091796875,47.3714599609375],[37.118621826171875,47.372344970703125],[37.122802734375,47.372650146484375],[37.12591552734375,47.37255859375],[37.130706787109375,47.37188720703125],[37.135528564453125,47.37054443359375],[37.139862060546875,47.36859130859375],[37.143280029296875,47.366363525390625],[37.149688720703125,47.36138916015625],[37.1524658203125,47.358642578125],[37.157135009765625,47.352996826171875],[37.15899658203125,47.350067138671875],[37.1610107421875,47.3475341796875],[37.16363525390625,47.34588623046875],[37.167205810546875,47.346282958984375],[37.17108154296875,47.34747314453125],[37.17913818359375,47.350830078125],[37.182403564453125,47.353057861328125],[37.185028076171875,47.3555908203125],[37.18548583984375,47.359100341796875],[37.184722900390625,47.362884521484375],[37.183319091796875,47.367767333984375],[37.18194580078125,47.375762939453125],[37.1822509765625,47.379669189453125],[37.183013916015625,47.383697509765625],[37.1845703125,47.38787841796875],[37.188751220703125,47.39544677734375],[37.19866943359375,47.40911865234375],[37.199615478515625,47.413238525390625],[37.199310302734375,47.42205810546875],[37.199920654296875,47.425567626953125],[37.2017822265625,47.42913818359375],[37.217803955078125,47.448394775390625],[37.22027587890625,47.451934814453125],[37.22088623046875,47.45526123046875],[37.21917724609375,47.4581298828125],[37.21142578125,47.45947265625],[37.1943359375,47.459259033203125],[37.15216064453125,47.4638671875],[37.147308349609375,47.463226318359375],[37.143890380859375,47.461212158203125],[37.140655517578125,47.454803466796875],[37.1376953125,47.4522705078125],[37.134124755859375,47.450408935546875],[37.128692626953125,47.451171875],[37.122344970703125,47.454620361328125],[37.102813720703125,47.47528076171875],[37.099884033203125,47.477813720703125],[37.02117919921875,47.524200439453125],[36.99542236328125,47.5474853515625],[36.987518310546875,47.552520751953125],[36.9442138671875,47.57037353515625],[36.936767578125,47.57147216796875],[36.93072509765625,47.571044921875],[36.9041748046875,47.557342529296875],[36.897186279296875,47.552734375],[36.893310546875,47.550872802734375],[36.8818359375,47.555908203125],[36.864959716796875,47.56634521484375],[36.825836181640625,47.5958251953125],[36.80902099609375,47.605560302734375],[36.797882080078125,47.6102294921875],[36.766571044921875,47.60150146484375],[36.7569580078125,47.6002197265625],[36.7520751953125,47.6016845703125],[36.74884033203125,47.6051025390625],[36.748046875,47.61199951171875],[36.74884033203125,47.617279052734375],[36.7520751953125,47.62628173828125],[36.75323486328125,47.63037109375],[36.752410888671875,47.633880615234375],[36.74945068359375,47.636444091796875],[36.73193359375,47.638824462890625],[36.727294921875,47.6405029296875],[36.723724365234375,47.64404296875],[36.72125244140625,47.64892578125],[36.720001220703125,47.657745361328125],[36.7227783203125,47.66131591796875],[36.726959228515625,47.663421630859375],[36.736419677734375,47.665283203125],[36.744964599609375,47.66802978515625],[36.748382568359375,47.669891357421875],[36.7491455078125,47.67218017578125],[36.747283935546875,47.674896240234375],[36.74078369140625,47.67706298828125],[36.715179443359375,47.681365966796875],[36.708831787109375,47.685028076171875],[36.703094482421875,47.690826416015625],[36.689239501953125,47.71588134765625],[36.661346435546875,47.757110595703125],[36.658538818359375,47.763671875],[36.656707763671875,47.778045654296875],[36.654998779296875,47.78497314453125],[36.652984619140625,47.787811279296875],[36.649566650390625,47.78973388671875],[36.643035888671875,47.789794921875],[36.616943359375,47.786346435546875],[36.605804443359375,47.786468505859375],[36.59417724609375,47.7882080078125],[36.583740234375,47.7913818359375],[36.576904296875,47.803009033203125],[36.576141357421875,47.844207763671875],[36.5694580078125,47.867340087890625],[36.565887451171875,47.87060546875],[36.55999755859375,47.874176025390625],[36.5458984375,47.876922607421875],[36.5367431640625,47.880096435546875],[36.53302001953125,47.883636474609375],[36.531341552734375,47.887359619140625],[36.5311279296875,47.89111328125],[36.531341552734375,47.895263671875],[36.53204345703125,47.899658203125],[36.534423828125,47.905029296875],[36.537689208984375,47.908172607421875],[36.541717529296875,47.910247802734375],[36.55828857421875,47.91070556640625],[36.5648193359375,47.911956787109375],[36.572418212890625,47.915679931640625],[36.578460693359375,47.917266845703125],[36.584564208984375,47.9180908203125],[36.6180419921875,47.918243408203125],[36.62890625,47.919647216796875],[36.63385009765625,47.921722412109375],[36.634002685546875,47.92425537109375],[36.632781982421875,47.927093505859375],[36.6260986328125,47.93572998046875],[36.61944580078125,47.9481201171875],[36.6180419921875,47.951324462890625],[36.616180419921875,47.954315185546875],[36.6134033203125,47.957000732421875],[36.609344482421875,47.9591064453125],[36.604248046875,47.960479736328125],[36.586212158203125,47.96234130859375],[36.581085205078125,47.9652099609375],[36.57659912109375,47.970703125],[36.57659912109375,47.982025146484375],[36.571929931640625,47.995513916015625],[36.571319580078125,47.99993896484375],[36.575042724609375,48.0582275390625],[36.576904296875,48.0670166015625],[36.58062744140625,48.07318115234375],[36.58465576171875,48.076416015625],[36.58905029296875,48.07891845703125],[36.5933837890625,48.080352783203125],[36.598052978515625,48.081390380859375],[36.6031494140625,48.082000732421875],[36.620208740234375,48.081817626953125],[36.65435791015625,48.087921142578125],[36.659637451171875,48.0882568359375],[36.665069580078125,48.088043212890625],[36.723724365234375,48.075592041015625],[36.728057861328125,48.0736083984375],[36.731475830078125,48.0712890625],[36.7342529296875,48.068603515625],[36.738433837890625,48.05908203125],[36.741546630859375,48.056427001953125],[36.745574951171875,48.0543212890625],[36.75054931640625,48.05255126953125],[36.788421630859375,48.04510498046875],[36.823822021484375,48.0330810546875],[36.82940673828125,48.0321044921875],[36.839019775390625,48.034454345703125],[36.85125732421875,48.03985595703125],[36.8760986328125,48.0538330078125],[36.8863525390625,48.06146240234375],[36.892547607421875,48.067535400390625],[36.893463134765625,48.07147216796875],[36.893798828125,48.075286865234375],[36.893798828125,48.079071044921875],[36.891448974609375,48.09320068359375],[36.889434814453125,48.099945068359375],[36.87921142578125,48.118438720703125],[36.876739501953125,48.12493896484375],[36.87005615234375,48.15228271484375],[36.869598388671875,48.15643310546875],[36.8697509765625,48.1610107421875],[36.871917724609375,48.16741943359375],[36.875335693359375,48.1707763671875],[36.8795166015625,48.173065185546875],[36.88958740234375,48.174560546875],[36.896728515625,48.1768798828125],[36.90509033203125,48.180908203125],[36.919525146484375,48.19049072265625],[36.9246826171875,48.19647216796875],[36.927154541015625,48.20147705078125],[36.927001953125,48.205108642578125],[36.924163818359375,48.215362548828125],[36.923553466796875,48.218841552734375],[36.922821044921875,48.222015380859375],[36.922515869140625,48.22503662109375],[36.913787841796875,48.2637939453125],[36.911468505859375,48.270477294921875],[36.908660888671875,48.276824951171875],[36.906951904296875,48.28369140625],[36.90557861328125,48.29443359375],[36.904022216796875,48.29766845703125],[36.90106201171875,48.30029296875],[36.8961181640625,48.302001953125],[36.873321533203125,48.30438232421875],[36.86944580078125,48.305419921875],[36.867523193359375,48.307952880859375],[36.866485595703125,48.311187744140625],[36.864959716796875,48.314239501953125],[36.862579345703125,48.316802978515625],[36.858551025390625,48.318267822265625],[36.85357666015625,48.31878662109375],[36.84814453125,48.31878662109375],[36.837921142578125,48.3173828125],[36.829071044921875,48.31475830078125],[36.8245849609375,48.3138427734375],[36.8199462890625,48.31439208984375],[36.8165283203125,48.316253662109375],[36.814208984375,48.319000244140625],[36.812652587890625,48.32220458984375],[36.81182861328125,48.32568359375],[36.812347412109375,48.330718994140625],[36.818389892578125,48.352447509765625],[36.819000244140625,48.357421875],[36.814666748046875,48.386383056640625],[36.8101806640625,48.40008544921875],[36.809234619140625,48.405181884765625],[36.808929443359375,48.413116455078125],[36.8114013671875,48.417144775390625],[36.81512451171875,48.419708251953125],[36.838226318359375,48.426788330078125],[36.842742919921875,48.429534912109375],[36.84722900390625,48.4339599609375],[36.84613037109375,48.43682861328125],[36.837921142578125,48.441741943359375],[36.834991455078125,48.445465087890625],[36.83544921875,48.476318359375],[36.838226318359375,48.480194091796875],[36.841796875,48.48297119140625],[36.851409912109375,48.486572265625],[36.856536865234375,48.48944091796875],[36.858551025390625,48.492645263671875],[36.8583984375,48.495635986328125],[36.857452392578125,48.4981689453125],[36.85638427734375,48.500274658203125],[36.85498046875,48.50360107421875],[36.8526611328125,48.513153076171875],[36.85418701171875,48.516510009765625],[36.857452392578125,48.51873779296875],[36.87115478515625,48.5223388671875],[36.8818359375,48.52618408203125],[36.888671875,48.5301513671875],[36.8909912109375,48.533966064453125],[36.89208984375,48.537841796875],[36.890533447265625,48.559722900390625],[36.888671875,48.570343017578125],[36.887420654296875,48.5736083984375],[36.88555908203125,48.57666015625],[36.883087158203125,48.57928466796875],[36.879058837890625,48.5811767578125],[36.8681640625,48.5823974609375],[36.824432373046875,48.57977294921875],[36.81915283203125,48.5782470703125],[36.814056396484375,48.5755615234375],[36.809539794921875,48.569061279296875],[36.80718994140625,48.5640869140625],[36.800048828125,48.5421142578125],[36.797882080078125,48.5380859375],[36.795074462890625,48.5347900390625],[36.791351318359375,48.53265380859375],[36.786865234375,48.531402587890625],[36.755401611328125,48.529052734375],[36.75115966796875,48.529205322265625],[36.74853515625,48.5308837890625],[36.747283935546875,48.5338134765625],[36.746673583984375,48.539154052734375],[36.74713134765625,48.55816650390625],[36.749298095703125,48.563934326171875],[36.75323486328125,48.567352294921875],[36.757720947265625,48.569305419921875],[36.76251220703125,48.571807861328125],[36.7730712890625,48.585662841796875],[36.7764892578125,48.588134765625],[36.78515625,48.59222412109375],[36.789825439453125,48.59503173828125],[36.79058837890625,48.598052978515625],[36.78997802734375,48.6011962890625],[36.78717041015625,48.60369873046875],[36.783294677734375,48.60528564453125],[36.77850341796875,48.6055908203125],[36.743255615234375,48.601104736328125],[36.73828125,48.6015625],[36.734405517578125,48.603424072265625],[36.732086181640625,48.606048583984375],[36.730377197265625,48.609161376953125],[36.72930908203125,48.61322021484375],[36.728668212890625,48.616455078125],[36.725433349609375,48.62591552734375],[36.710845947265625,48.649566650390625],[36.708526611328125,48.66082763671875],[36.710540771484375,48.688385009765625],[36.71038818359375,48.70599365234375],[36.70928955078125,48.71441650390625],[36.693267822265625,48.758270263671875],[36.69049072265625,48.769287109375],[36.690032958984375,48.77752685546875],[36.6925048828125,48.781768798828125],[36.696990966796875,48.785888671875],[36.701690673828125,48.78814697265625],[36.70697021484375,48.789215087890625],[36.718292236328125,48.78924560546875],[36.73052978515625,48.787506103515625],[36.76068115234375,48.77685546875],[36.772918701171875,48.7745361328125],[36.820404052734375,48.77239990234375],[36.82537841796875,48.773193359375],[36.836517333984375,48.77984619140625],[36.846923828125,48.78753662109375],[36.860870361328125,48.79534912109375],[36.865570068359375,48.797119140625],[36.8748779296875,48.79949951171875],[36.885101318359375,48.8009033203125],[36.890838623046875,48.8009033203125],[36.903076171875,48.799224853515625],[36.9991455078125,48.766876220703125],[37.00146484375,48.765594482421875],[37.004425048828125,48.7635498046875],[37.008758544921875,48.761444091796875],[37.01434326171875,48.75958251953125],[37.0238037109375,48.758880615234375],[37.0289306640625,48.7607421875],[37.032470703125,48.76397705078125],[37.033721923828125,48.767913818359375],[37.03363037109375,48.771636962890625],[37.03094482421875,48.774322509765625],[37.026580810546875,48.77630615234375],[37.00518798828125,48.782684326171875],[37.001800537109375,48.78460693359375],[36.99993896484375,48.7861328125],[36.998382568359375,48.788330078125],[36.998077392578125,48.7913818359375],[36.99822998046875,48.794525146484375],[37.0008544921875,48.7984619140625],[37.01263427734375,48.810272216796875],[37.018524169921875,48.813690185546875],[37.024566650390625,48.8153076171875],[37.02984619140625,48.81427001953125],[37.0408935546875,48.810821533203125],[37.047576904296875,48.809600830078125],[37.057342529296875,48.809600830078125],[37.062774658203125,48.8116455078125],[37.06634521484375,48.814849853515625],[37.067718505859375,48.818817138671875],[37.068817138671875,48.823577880859375],[37.07037353515625,48.82867431640625],[37.07440185546875,48.835723876953125],[37.0787353515625,48.839263916015625],[37.083526611328125,48.84161376953125],[37.088714599609375,48.842376708984375],[37.094451904296875,48.8426513671875],[37.10003662109375,48.842010498046875],[37.105133056640625,48.840576171875],[37.1090087890625,48.838409423828125],[37.117401123046875,48.8304443359375],[37.120635986328125,48.827911376953125],[37.124359130859375,48.825531005859375],[37.128875732421875,48.823516845703125],[37.134124755859375,48.822174072265625],[37.139862060546875,48.821502685546875],[37.147613525390625,48.821746826171875],[37.17047119140625,48.82562255859375],[37.1771240234375,48.82830810546875],[37.18115234375,48.83148193359375],[37.18145751953125,48.8348388671875],[37.17822265625,48.852203369140625],[37.1788330078125,48.85662841796875],[37.180694580078125,48.861297607421875],[37.186126708984375,48.86712646484375],[37.191864013671875,48.869781494140625],[37.199798583984375,48.870941162109375],[37.203948974609375,48.87322998046875],[37.206939697265625,48.87615966796875],[37.21112060546875,48.885101318359375],[37.217010498046875,48.89453125],[37.22088623046875,48.897552490234375],[37.259033203125,48.915435791015625],[37.265899658203125,48.917755126953125],[37.293487548828125,48.91778564453125],[37.30511474609375,48.920196533203125],[37.31103515625,48.922943115234375],[37.3143310546875,48.926513671875],[37.314422607421875,48.9300537109375],[37.313385009765625,48.93328857421875],[37.3116455078125,48.93634033203125],[37.306365966796875,48.941864013671875],[37.30419921875,48.94476318359375],[37.302947998046875,48.947998046875],[37.303436279296875,48.951873779296875],[37.305908203125,48.959930419921875],[37.305908203125,48.96356201171875],[37.303436279296875,48.966278076171875],[37.2950439453125,48.9705810546875],[37.291961669921875,48.973114013671875],[37.29071044921875,48.97625732421875],[37.29180908203125,48.979827880859375],[37.30853271484375,48.998504638671875],[37.3143310546875,49.002899169921875],[37.319610595703125,49.005889892578125],[37.343475341796875,49.012176513671875],[37.3487548828125,49.015625],[37.351837158203125,49.019683837890625],[37.35247802734375,49.0235595703125],[37.353851318359375,49.0286865234375],[37.3568115234375,49.03472900390625],[37.364105224609375,49.044708251953125],[37.369415283203125,49.049346923828125],[37.373748779296875,49.052490234375],[37.601226806640625,49.144622802734375],[37.609619140625,49.150177001953125],[37.612396240234375,49.154541015625],[37.610382080078125,49.15728759765625],[37.59698486328125,49.1708984375],[37.593902587890625,49.17340087890625],[37.590179443359375,49.175323486328125],[37.585052490234375,49.1761474609375],[37.5633544921875,49.17529296875],[37.525482177734375,49.178436279296875],[37.51385498046875,49.180419921875],[37.508575439453125,49.18194580078125],[37.504852294921875,49.1839599609375],[37.503448486328125,49.1864013671875],[37.535308837890625,49.221435546875],[37.540985107421875,49.22515869140625],[37.54693603515625,49.227203369140625],[37.643096923828125,49.228302001953125],[37.771148681640625,49.204345703125],[37.816925048828125,49.205474853515625],[37.833831787109375,49.20751953125],[37.838958740234375,49.210418701171875],[37.841888427734375,49.214202880859375],[37.843292236328125,49.21875],[37.843902587890625,49.222259521484375],[37.847320556640625,49.231719970703125],[37.858795166015625,49.230926513671875],[37.86810302734375,49.227630615234375],[37.8797607421875,49.220855712890625],[37.886138916015625,49.215789794921875],[37.8917236328125,49.21044921875],[37.89495849609375,49.208038330078125],[37.899627685546875,49.2064208984375],[37.905364990234375,49.205413818359375],[37.92364501953125,49.20391845703125],[37.92938232421875,49.202056884765625],[37.933624267578125,49.199554443359375],[37.93402099609375,49.193634033203125],[37.930816650390625,49.191314697265625],[37.925811767578125,49.189788818359375],[37.898223876953125,49.188873291015625],[37.89404296875,49.1873779296875],[37.8912353515625,49.184478759765625],[37.889068603515625,49.180877685546875],[37.88348388671875,49.16839599609375],[37.883636474609375,49.16412353515625],[37.8865966796875,49.1602783203125],[37.895263671875,49.156280517578125],[37.938720703125,49.144622802734375],[37.9661865234375,49.132537841796875],[37.971282958984375,49.13153076171875],[37.9765625,49.13134765625]]]}},{"type":"Feature","properties":{"name_en":"Luhansk People\u0027s Republic","country":"Russia","admin_level":"federal_subject","disputed_territory":true},"geometry":{"type":"Polygon","coordinates":[[[38.253814697265625,50.059051513671875],[38.28118896484375,50.062408447265625],[38.299896240234375,50.06048583984375],[38.314056396484375,50.04949951171875],[38.344146728515625,49.9920654296875],[38.35601806640625,49.980560302734375],[38.37628173828125,49.97491455078125],[38.42010498046875,49.971771240234375],[38.437774658203125,49.96728515625],[38.46112060546875,49.956878662109375],[38.49749755859375,49.948150634765625],[38.570159912109375,49.956634521484375],[38.619476318359375,49.95074462890625],[38.628875732421875,49.95330810546875],[38.63775634765625,49.957183837890625],[38.662139892578125,49.962554931640625],[38.664642333984375,49.96514892578125],[38.664337158203125,49.962677001953125],[38.67279052734375,49.9429931640625],[38.67559814453125,49.927001953125],[38.68096923828125,49.91827392578125],[38.687255859375,49.913787841796875],[38.747833251953125,49.885406494140625],[38.852203369140625,49.86578369140625],[38.886322021484375,49.84515380859375],[38.9105224609375,49.820556640625],[38.9373779296875,49.803466796875],[39.032257080078125,49.807342529296875],[39.049102783203125,49.810546875],[39.068328857421875,49.821075439453125],[39.099853515625,49.85162353515625],[39.117095947265625,49.8643798828125],[39.15576171875,49.87359619140625],[39.180999755859375,49.859466552734375],[39.1827392578125,49.858489990234375],[39.238037109375,49.765106201171875],[39.2608642578125,49.7445068359375],[39.2899169921875,49.7320556640625],[39.32763671875,49.726318359375],[39.367218017578125,49.731842041015625],[39.405975341796875,49.744232177734375],[39.443603515625,49.74951171875],[39.479888916015625,49.73358154296875],[39.499114990234375,49.728118896484375],[39.5574951171875,49.723968505859375],[39.570404052734375,49.713287353515625],[39.581573486328125,49.690704345703125],[39.597381591796875,49.64794921875],[39.6229248046875,49.613433837890625],[39.6533203125,49.59979248046875],[39.68865966796875,49.59344482421875],[39.729156494140625,49.580780029296875],[39.781036376953125,49.548370361328125],[39.801513671875,49.54217529296875],[39.828704833984375,49.54144287109375],[39.859405517578125,49.5455322265625],[39.889373779296875,49.553253173828125],[39.9146728515625,49.562957763671875],[39.9739990234375,49.6025390625],[39.998077392578125,49.60821533203125],[40.017730712890625,49.60784912109375],[40.115509033203125,49.590545654296875],[40.118499755859375,49.58843994140625],[40.130706787109375,49.579803466796875],[40.12603759765625,49.55908203125],[40.11065673828125,49.545318603515625],[40.071990966796875,49.530670166015625],[40.0543212890625,49.519744873046875],[40.034881591796875,49.487030029296875],[40.0408935546875,49.455474853515625],[40.06195068359375,49.425811767578125],[40.101348876953125,49.38543701171875],[40.148040771484375,49.349578857421875],[40.159515380859375,49.33355712890625],[40.15716552734375,49.315826416015625],[40.142669677734375,49.281890869140625],[40.14166259765625,49.245758056640625],[40.134002685546875,49.23626708984375],[40.1102294921875,49.227630615234375],[40.090911865234375,49.217254638671875],[40.0577392578125,49.182769775390625],[40.03839111328125,49.16851806640625],[39.979583740234375,49.141845703125],[39.95208740234375,49.124542236328125],[39.930908203125,49.100555419921875],[39.926055908203125,49.08648681640625],[39.923370361328125,49.0579833984375],[39.918701171875,49.04779052734375],[39.907257080078125,49.042572021484375],[39.891326904296875,49.041748046875],[39.861968994140625,49.04510498046875],[39.83148193359375,49.045257568359375],[39.7489013671875,49.02618408203125],[39.698272705078125,49.028350830078125],[39.681121826171875,49.020294189453125],[39.673980712890625,48.970123291015625],[39.687530517578125,48.95758056640625],[39.707763671875,48.94879150390625],[39.7259521484375,48.93701171875],[39.739410400390625,48.918975830078125],[39.747344970703125,48.90533447265625],[39.75872802734375,48.8953857421875],[39.78228759765625,48.888427734375],[39.86187744140625,48.876434326171875],[39.896484375,48.8798828125],[39.908172607421875,48.878387451171875],[39.918609619140625,48.872467041015625],[39.9376220703125,48.856231689453125],[39.950347900390625,48.852752685546875],[39.972259521484375,48.860321044921875],[39.98992919921875,48.87567138671875],[40.00885009765625,48.8878173828125],[40.034271240234375,48.885589599609375],[40.053802490234375,48.86920166015625],[40.052764892578125,48.8497314453125],[40.0386962890625,48.829986572265625],[40.01959228515625,48.813140869140625],[39.975250244140625,48.7896728515625],[39.9349365234375,48.78668212890625],[39.82415771484375,48.81561279296875],[39.80120849609375,48.81488037109375],[39.779388427734375,48.807708740234375],[39.75933837890625,48.792816162109375],[39.751190185546875,48.7818603515625],[39.744476318359375,48.7705078125],[39.736297607421875,48.761505126953125],[39.711395263671875,48.754791259765625],[39.702911376953125,48.74658203125],[39.641845703125,48.6116943359375],[39.6317138671875,48.586883544921875],[39.670257568359375,48.58837890625],[39.690093994140625,48.593658447265625],[39.809173583984375,48.583740234375],[39.835296630859375,48.573455810546875],[39.85504150390625,48.55609130859375],[39.862701416015625,48.530059814453125],[39.86383056640625,48.522735595703125],[39.866119384765625,48.51702880859375],[39.868499755859375,48.51287841796875],[39.8695068359375,48.5098876953125],[39.865386962890625,48.50146484375],[39.855987548828125,48.499359130859375],[39.8466796875,48.49981689453125],[39.842132568359375,48.499053955078125],[39.8447265625,48.483489990234375],[39.854339599609375,48.475433349609375],[39.864776611328125,48.469818115234375],[39.89617919921875,48.42388916015625],[39.906829833984375,48.3983154296875],[39.91448974609375,48.384674072265625],[39.924102783203125,48.3760986328125],[39.901458740234375,48.361175537109375],[39.88409423828125,48.346343994140625],[39.815887451171875,48.308135986328125],[39.88482666015625,48.27899169921875],[39.905181884765625,48.2806396484375],[39.957366943359375,48.293365478515625],[39.9788818359375,48.290069580078125],[39.99322509765625,48.273223876953125],[39.99066162109375,48.25372314453125],[39.977630615234375,48.235443115234375],[39.960479736328125,48.2220458984375],[39.912628173828125,48.197662353515625],[39.893707275390625,48.182952880859375],[39.843048095703125,48.1197509765625],[39.8311767578125,48.0999755859375],[39.829010009765625,48.0767822265625],[39.84429931640625,48.045654296875],[39.84295654296875,48.036376953125],[39.84027099609375,48.03497314453125],[39.83355712890625,48.036163330078125],[39.778778076171875,48.029205322265625],[39.76812744140625,48.024322509765625],[39.759857177734375,48.014923095703125],[39.761932373046875,48.009765625],[39.77008056640625,48.00408935546875],[39.78021240234375,47.993133544921875],[39.79437255859375,47.971282958984375],[39.796142578125,47.961334228515625],[39.793975830078125,47.9456787109375],[39.79046630859375,47.937744140625],[39.779815673828125,47.922454833984375],[39.777008056640625,47.913726806640625],[39.77752685546875,47.906585693359375],[39.782073974609375,47.89288330078125],[39.78289794921875,47.88653564453125],[39.77557373046875,47.858001708984375],[39.759033203125,47.83294677734375],[39.73382568359375,47.81597900390625],[39.70074462890625,47.8115234375],[39.6005859375,47.8294677734375],[39.57000732421875,47.830902099609375],[39.50933837890625,47.82275390625],[39.479888916015625,47.82611083984375],[39.45703125,47.831268310546875],[39.4139404296875,47.823150634765625],[39.3916015625,47.822601318359375],[39.37353515625,47.828277587890625],[39.340057373046875,47.843536376953125],[39.319671630859375,47.84600830078125],[39.173553466796875,47.8370361328125],[39.13323974609375,47.82952880859375],[39.113494873046875,47.82855224609375],[39.092926025390625,47.83209228515625],[39.039093017578125,47.856903076171875],[39.036163330078125,47.85699462890625],[39.036224365234375,47.857330322265625],[39.0380859375,47.8658447265625],[39.055511474609375,47.9173583984375],[39.05499267578125,47.92376708984375],[39.05364990234375,47.93157958984375],[39.044921875,47.9356689453125],[39.04010009765625,47.938568115234375],[39.0357666015625,47.942535400390625],[39.031280517578125,47.9498291015625],[39.030975341796875,47.958770751953125],[39.03375244140625,47.991943359375],[39.031280517578125,48.00103759765625],[39.027099609375,48.006622314453125],[38.93365478515625,48.021087646484375],[38.8623046875,48.020111083984375],[38.852691650390625,48.0228271484375],[38.840118408203125,48.0279541015625],[38.814971923828125,48.04296875],[38.80535888671875,48.050445556640625],[38.80023193359375,48.056671142578125],[38.8011474609375,48.060546875],[38.802703857421875,48.064605712890625],[38.80487060546875,48.068450927734375],[38.80999755859375,48.075439453125],[38.81884765625,48.0848388671875],[38.821319580078125,48.089019775390625],[38.822723388671875,48.094268798828125],[38.8211669921875,48.10321044921875],[38.81805419921875,48.10791015625],[38.81402587890625,48.111419677734375],[38.75616455078125,48.134002685546875],[38.630462646484375,48.165924072265625],[38.609222412109375,48.17498779296875],[38.603668212890625,48.179107666015625],[38.600982666015625,48.18316650390625],[38.601470947265625,48.18701171875],[38.603668212890625,48.195068359375],[38.606536865234375,48.20318603515625],[38.607177734375,48.206939697265625],[38.6058349609375,48.21026611328125],[38.604278564453125,48.21331787109375],[38.588714599609375,48.237091064453125],[38.584228515625,48.246612548828125],[38.58111572265625,48.25689697265625],[38.57647705078125,48.26629638671875],[38.57073974609375,48.27435302734375],[38.566253662109375,48.277618408203125],[38.56097412109375,48.278839111328125],[38.46087646484375,48.27239990234375],[38.445220947265625,48.27459716796875],[38.432281494140625,48.27862548828125],[38.426727294921875,48.28204345703125],[38.423614501953125,48.285614013671875],[38.41912841796875,48.298919677734375],[38.41290283203125,48.310455322265625],[38.40997314453125,48.317718505859375],[38.40966796875,48.32110595703125],[38.409820556640625,48.324127197265625],[38.4119873046875,48.32647705078125],[38.41461181640625,48.327667236328125],[38.417572021484375,48.328338623046875],[38.46319580078125,48.333465576171875],[38.46722412109375,48.334503173828125],[38.47125244140625,48.33612060546875],[38.474822998046875,48.338287353515625],[38.47808837890625,48.34100341796875],[38.48040771484375,48.344207763671875],[38.481964111328125,48.347625732421875],[38.48272705078125,48.350738525390625],[38.48272705078125,48.35284423828125],[38.480560302734375,48.35760498046875],[38.466766357421875,48.37615966796875],[38.457000732421875,48.3856201171875],[38.435699462890625,48.3970947265625],[38.429962158203125,48.401214599609375],[38.42608642578125,48.404876708984375],[38.424530029296875,48.40802001953125],[38.423614501953125,48.411285400390625],[38.421142578125,48.41693115234375],[38.4171142578125,48.424102783203125],[38.40625,48.437347412109375],[38.39910888671875,48.442291259765625],[38.39337158203125,48.4434814453125],[38.3896484375,48.441253662109375],[38.383087158203125,48.435882568359375],[38.37957763671875,48.4337158203125],[38.375335693359375,48.432098388671875],[38.370086669921875,48.43182373046875],[38.36419677734375,48.432586669921875],[38.35101318359375,48.438201904296875],[38.34527587890625,48.439239501953125],[38.33984375,48.43939208984375],[38.3323974609375,48.4405517578125],[38.32366943359375,48.443145751953125],[38.3101806640625,48.449951171875],[38.304901123046875,48.45458984375],[38.3021240234375,48.459014892578125],[38.301971435546875,48.4664306640625],[38.302581787109375,48.474090576171875],[38.305389404296875,48.486328125],[38.308624267578125,48.494659423828125],[38.311279296875,48.49951171875],[38.3118896484375,48.500396728515625],[38.31329345703125,48.50347900390625],[38.31500244140625,48.511077880859375],[38.314849853515625,48.515411376953125],[38.31390380859375,48.520538330078125],[38.310333251953125,48.523468017578125],[38.30523681640625,48.5255126953125],[38.289886474609375,48.5279541015625],[38.27716064453125,48.531585693359375],[38.2667236328125,48.536468505859375],[38.262237548828125,48.540283203125],[38.26007080078125,48.54425048828125],[38.2603759765625,48.54803466796875],[38.261749267578125,48.5521240234375],[38.268157958984375,48.563934326171875],[38.26983642578125,48.568145751953125],[38.27001953125,48.5736083984375],[38.267852783203125,48.579803466796875],[38.255706787109375,48.600921630859375],[38.253692626953125,48.605499267578125],[38.253997802734375,48.609832763671875],[38.256195068359375,48.61773681640625],[38.25634765625,48.6207275390625],[38.25604248046875,48.622650146484375],[38.251373291015625,48.638580322265625],[38.248748779296875,48.66357421875],[38.2489013671875,48.6673583984375],[38.249969482421875,48.671112060546875],[38.2518310546875,48.674560546875],[38.25384521484375,48.67742919921875],[38.255401611328125,48.679046630859375],[38.261444091796875,48.6837158203125],[38.284149169921875,48.696929931640625],[38.30010986328125,48.711090087890625],[38.30303955078125,48.714996337890625],[38.305389404296875,48.71929931640625],[38.30645751953125,48.725372314453125],[38.3038330078125,48.728515625],[38.299346923828125,48.729766845703125],[38.2940673828125,48.72967529296875],[38.274383544921875,48.7266845703125],[38.269500732421875,48.72735595703125],[38.267547607421875,48.72991943359375],[38.26641845703125,48.73272705078125],[38.266632080078125,48.73785400390625],[38.266937255859375,48.7410888671875],[38.267974853515625,48.744873046875],[38.26971435546875,48.748779296875],[38.272369384765625,48.75225830078125],[38.28460693359375,48.76416015625],[38.290191650390625,48.770751953125],[38.294830322265625,48.7781982421875],[38.296539306640625,48.78314208984375],[38.2957763671875,48.790069580078125],[38.291748046875,48.800689697265625],[38.282745361328125,48.811676025390625],[38.27947998046875,48.8182373046875],[38.279327392578125,48.82373046875],[38.281036376953125,48.82843017578125],[38.281494140625,48.835205078125],[38.27947998046875,48.839141845703125],[38.275146484375,48.841827392578125],[38.263153076171875,48.84381103515625],[38.25726318359375,48.844146728515625],[38.243316650390625,48.84698486328125],[38.23480224609375,48.850738525390625],[38.2310791015625,48.854248046875],[38.229522705078125,48.858154296875],[38.229522705078125,48.873016357421875],[38.228118896484375,48.879913330078125],[38.22503662109375,48.889923095703125],[38.213409423828125,48.913116455078125],[38.2100830078125,48.923919677734375],[38.171173095703125,48.932037353515625],[38.0577392578125,48.937042236328125],[38.051239013671875,48.938140869140625],[38.044830322265625,48.940643310546875],[38.03521728515625,48.947113037109375],[38.028228759765625,48.95025634765625],[38.02142333984375,48.951873779296875],[38.015838623046875,48.952545166015625],[38.00994873046875,48.954254150390625],[38.008087158203125,48.957275390625],[38.008544921875,48.96112060546875],[38.010406494140625,48.9649658203125],[38.01287841796875,48.9686279296875],[38.015838623046875,48.97161865234375],[38.019561767578125,48.973785400390625],[38.024658203125,48.97454833984375],[38.036285400390625,48.974151611328125],[38.040496826171875,48.97528076171875],[38.042236328125,48.978179931640625],[38.04254150390625,48.981536865234375],[38.043182373046875,48.984893798828125],[38.044830322265625,48.9874267578125],[38.049224853515625,48.9884033203125],[38.065338134765625,48.989166259765625],[38.06982421875,48.990325927734375],[38.073699951171875,48.992340087890625],[38.0760498046875,48.99530029296875],[38.0772705078125,48.99822998046875],[38.0777587890625,48.999847412109375],[38.0777587890625,49.001220703125],[38.07757568359375,49.00360107421875],[38.048583984375,49.0498046875],[38.04266357421875,49.061798095703125],[38.041015625,49.0699462890625],[38.04388427734375,49.07281494140625],[38.05450439453125,49.08038330078125],[38.057586669921875,49.083251953125],[38.060211181640625,49.086639404296875],[38.06207275390625,49.09063720703125],[38.063323974609375,49.0947265625],[38.0628662109375,49.10198974609375],[38.062408447265625,49.10552978515625],[38.062255859375,49.109222412109375],[38.06317138671875,49.1170654296875],[38.070159912109375,49.142913818359375],[38.070465087890625,49.148040771484375],[38.066741943359375,49.150054931640625],[38.061767578125,49.150848388671875],[38.0206298828125,49.152252197265625],[38.015838623046875,49.151397705078125],[38.011505126953125,49.149658203125],[37.98541259765625,49.13409423828125],[37.981201171875,49.132232666015625],[37.9765625,49.13134765625],[37.971282958984375,49.13153076171875],[37.9661865234375,49.132537841796875],[37.938720703125,49.144622802734375],[37.895263671875,49.156280517578125],[37.8865966796875,49.1602783203125],[37.883636474609375,49.16412353515625],[37.88348388671875,49.16839599609375],[37.889068603515625,49.180877685546875],[37.8912353515625,49.184478759765625],[37.89404296875,49.1873779296875],[37.898223876953125,49.188873291015625],[37.925811767578125,49.189788818359375],[37.930816650390625,49.191314697265625],[37.93402099609375,49.193634033203125],[37.933624267578125,49.199554443359375],[37.92938232421875,49.202056884765625],[37.92364501953125,49.20391845703125],[37.905364990234375,49.205413818359375],[37.899627685546875,49.2064208984375],[37.89495849609375,49.208038330078125],[37.8917236328125,49.21044921875],[37.886138916015625,49.215789794921875],[37.8797607421875,49.220855712890625],[37.86810302734375,49.227630615234375],[37.858795166015625,49.230926513671875],[37.847320556640625,49.231719970703125],[37.871490478515625,49.2462158203125],[37.898223876953125,49.258331298828125],[37.9112548828125,49.2685546875],[37.926116943359375,49.283843994140625],[37.9290771484375,49.290924072265625],[37.929595947265625,49.296173095703125],[37.928131103515625,49.29931640625],[37.9256591796875,49.302154541015625],[37.92254638671875,49.3046875],[37.918670654296875,49.30694580078125],[37.91357421875,49.30865478515625],[37.907684326171875,49.30987548828125],[37.890167236328125,49.311553955078125],[37.885040283203125,49.31304931640625],[37.882415771484375,49.320526123046875],[37.881622314453125,49.3326416015625],[37.887054443359375,49.383270263671875],[37.885650634765625,49.390045166015625],[37.8831787109375,49.39666748046875],[37.8797607421875,49.40277099609375],[37.877288818359375,49.4056396484375],[37.867156982421875,49.41363525390625],[37.86358642578125,49.41717529296875],[37.86065673828125,49.422698974609375],[37.861572265625,49.426544189453125],[37.863739013671875,49.43023681640625],[37.8758544921875,49.4425048828125],[37.879913330078125,49.4444580078125],[37.884429931640625,49.44586181640625],[37.899627685546875,49.448028564453125],[37.905029296875,49.449737548828125],[37.91046142578125,49.45465087890625],[37.91680908203125,49.464447021484375],[37.9205322265625,49.480987548828125],[37.9256591796875,49.495880126953125],[37.92864990234375,49.499664306640625],[37.9324951171875,49.50238037109375],[37.95330810546875,49.511627197265625],[37.95794677734375,49.5146484375],[37.963226318359375,49.520111083984375],[37.9644775390625,49.524200439453125],[37.96417236328125,49.527923583984375],[37.96307373046875,49.53131103515625],[37.953155517578125,49.551025390625],[37.953155517578125,49.5560302734375],[37.956878662109375,49.558349609375],[37.962310791015625,49.56072998046875],[37.963836669921875,49.563629150390625],[37.963226318359375,49.566436767578125],[37.96075439453125,49.568939208984375],[37.954071044921875,49.57464599609375],[37.95220947265625,49.5772705078125],[37.94586181640625,49.59136962890625],[37.9444580078125,49.596771240234375],[37.945709228515625,49.599853515625],[37.947113037109375,49.601654052734375],[37.950531005859375,49.60333251953125],[37.958892822265625,49.60614013671875],[37.96368408203125,49.609466552734375],[37.968353271484375,49.614593505859375],[37.977325439453125,49.632354736328125],[37.980743408203125,49.637054443359375],[37.992889404296875,49.646270751953125],[37.998321533203125,49.652008056640625],[38.000335693359375,49.656494140625],[38.0010986328125,49.66058349609375],[38.000946044921875,49.663848876953125],[37.999725341796875,49.668426513671875],[37.999237060546875,49.680633544921875],[38.0010986328125,49.70843505859375],[38.000640869140625,49.71112060546875],[38.00018310546875,49.712646484375],[37.998321533203125,49.71551513671875],[37.996002197265625,49.71783447265625],[37.992889404296875,49.720184326171875],[37.988189697265625,49.72186279296875],[37.98291015625,49.722381591796875],[37.9776611328125,49.72186279296875],[37.95068359375,49.7144775390625],[37.946014404296875,49.714752197265625],[37.942138671875,49.717376708984375],[37.939361572265625,49.722625732421875],[37.939971923828125,49.7269287109375],[37.942138671875,49.730499267578125],[37.9542236328125,49.74298095703125],[37.960906982421875,49.748565673828125],[37.9644775390625,49.751007080078125],[37.968658447265625,49.752716064453125],[37.97393798828125,49.75323486328125],[37.998016357421875,49.7493896484375],[38.000946044921875,49.74951171875],[38.00482177734375,49.75048828125],[38.00933837890625,49.757720947265625],[38.0113525390625,49.761962890625],[38.013671875,49.76568603515625],[38.016448974609375,49.76904296875],[38.01971435546875,49.771820068359375],[38.0234375,49.774261474609375],[38.03662109375,49.779296875],[38.041015625,49.78155517578125],[38.045135498046875,49.7847900390625],[38.04534912109375,49.787841796875],[38.043487548828125,49.790679931640625],[38.0015869140625,49.812164306640625],[37.999725341796875,49.813934326171875],[37.997528076171875,49.81744384765625],[37.99847412109375,49.820343017578125],[38.000030517578125,49.8226318359375],[38.005279541015625,49.82647705078125],[38.022796630859375,49.8323974609375],[38.04266357421875,49.836181640625],[38.064727783203125,49.837310791015625],[38.070465087890625,49.838134765625],[38.075408935546875,49.839874267578125],[38.080078125,49.84307861328125],[38.080841064453125,49.84625244140625],[38.0789794921875,49.849029541015625],[38.059295654296875,49.85662841796875],[38.055267333984375,49.85882568359375],[38.051849365234375,49.861297607421875],[38.04595947265625,49.866607666015625],[38.043487548828125,49.869354248046875],[38.0274658203125,49.893829345703125],[38.024200439453125,49.90313720703125],[38.022918701171875,49.90911865234375],[38.0665283203125,49.927215576171875],[38.079132080078125,49.929901123046875],[38.090301513671875,49.92840576171875],[38.1083984375,49.920654296875],[38.1190185546875,49.919158935546875],[38.166168212890625,49.9405517578125],[38.17132568359375,49.98406982421875],[38.164093017578125,50.030364990234375],[38.173919677734375,50.06011962890625],[38.1898193359375,50.062774658203125],[38.253814697265625,50.059051513671875]]]}},{"type":"Feature","properties":{"name_en":"Zaporizhzhia Oblast","country":"Russia","admin_level":"federal_subject","disputed_territory":true},"geometry":{"type":"Polygon","coordinates":[[[35.514739990234375,48.079376220703125],[35.521881103515625,48.079376220703125],[35.53076171875,48.080657958984375],[35.54656982421875,48.084503173828125],[35.55633544921875,48.08892822265625],[35.579193115234375,48.104583740234375],[35.595306396484375,48.11334228515625],[35.60430908203125,48.1163330078125],[35.64605712890625,48.124298095703125],[35.674102783203125,48.126983642578125],[35.6859130859375,48.125885009765625],[35.6915283203125,48.12445068359375],[35.696014404296875,48.122589111328125],[35.6995849609375,48.1202392578125],[35.702850341796875,48.1177978515625],[35.710906982421875,48.109832763671875],[35.7236328125,48.099853515625],[35.727508544921875,48.097625732421875],[35.7322998046875,48.095916748046875],[35.781036376953125,48.089385986328125],[35.786163330078125,48.087799072265625],[35.790496826171875,48.085723876953125],[35.793914794921875,48.083343505859375],[35.808837890625,48.06683349609375],[35.816436767578125,48.065948486328125],[35.828521728515625,48.067047119140625],[35.882843017578125,48.082000732421875],[35.9422607421875,48.091796875],[35.953582763671875,48.091461181640625],[35.95916748046875,48.0906982421875],[35.963958740234375,48.089080810546875],[35.967529296875,48.086761474609375],[35.96990966796875,48.083892822265625],[35.970855712890625,48.08050537109375],[35.9703369140625,48.076568603515625],[35.96649169921875,48.063568115234375],[35.965667724609375,48.0594482421875],[35.96588134765625,48.05572509765625],[35.966827392578125,48.05224609375],[35.972076416015625,48.042999267578125],[35.9725341796875,48.03948974609375],[35.97222900390625,48.031768798828125],[35.974578857421875,48.02862548828125],[35.978912353515625,48.0263671875],[35.98974609375,48.0262451171875],[35.99578857421875,48.02703857421875],[36.000152587890625,48.028076171875],[36.032440185546875,48.042694091796875],[36.03973388671875,48.04412841796875],[36.044677734375,48.04327392578125],[36.04669189453125,48.0404052734375],[36.047637939453125,48.03717041015625],[36.04669189453125,48.03338623046875],[36.044525146484375,48.030029296875],[36.041748046875,48.026885986328125],[36.02825927734375,48.016845703125],[36.025299072265625,48.01409912109375],[36.02252197265625,48.01104736328125],[36.020965576171875,48.007537841796875],[36.021270751953125,48.00421142578125],[36.024078369140625,48.001953125],[36.027496337890625,48.000732421875],[36.0411376953125,47.99908447265625],[36.04638671875,47.997833251953125],[36.050567626953125,47.99578857421875],[36.053070068359375,47.993011474609375],[36.054779052734375,47.98992919921875],[36.056640625,47.983154296875],[36.05926513671875,47.96905517578125],[36.059417724609375,47.96533203125],[36.057861328125,47.954071044921875],[36.059112548828125,47.95111083984375],[36.063140869140625,47.9498291015625],[36.068084716796875,47.948974609375],[36.07244873046875,47.947601318359375],[36.075836181640625,47.94573974609375],[36.078216552734375,47.94354248046875],[36.079559326171875,47.941619873046875],[36.082366943359375,47.94000244140625],[36.0869140625,47.93841552734375],[36.114654541015625,47.939788818359375],[36.116973876953125,47.939605712890625],[36.11761474609375,47.93865966796875],[36.11761474609375,47.93621826171875],[36.114501953125,47.929473876953125],[36.11358642578125,47.9259033203125],[36.11358642578125,47.92242431640625],[36.11480712890625,47.919189453125],[36.116668701171875,47.91607666015625],[36.117767333984375,47.912872314453125],[36.117767333984375,47.909423828125],[36.116363525390625,47.905731201171875],[36.109375,47.894927978515625],[36.101318359375,47.878021240234375],[36.098388671875,47.87335205078125],[36.092803955078125,47.868316650390625],[36.0875244140625,47.8671875],[36.082977294921875,47.867767333984375],[36.07568359375,47.872528076171875],[36.071197509765625,47.8746337890625],[36.063751220703125,47.87554931640625],[36.060821533203125,47.873748779296875],[36.0595703125,47.87060546875],[36.0595703125,47.866973876953125],[36.0606689453125,47.86358642578125],[36.06298828125,47.86083984375],[36.0721435546875,47.856903076171875],[36.07476806640625,47.854217529296875],[36.07537841796875,47.850799560546875],[36.07647705078125,47.847564697265625],[36.078643798828125,47.84515380859375],[36.08831787109375,47.84228515625],[36.0926513671875,47.840362548828125],[36.095123291015625,47.83770751953125],[36.098236083984375,47.83551025390625],[36.106597900390625,47.834686279296875],[36.1522216796875,47.837890625],[36.15997314453125,47.83966064453125],[36.163238525390625,47.84228515625],[36.1688232421875,47.85009765625],[36.17315673828125,47.854644775390625],[36.181060791015625,47.8602294921875],[36.187408447265625,47.862335205078125],[36.193450927734375,47.863525390625],[36.19879150390625,47.8634033203125],[36.20343017578125,47.862762451171875],[36.206695556640625,47.860626220703125],[36.208404541015625,47.85772705078125],[36.20947265625,47.85443115234375],[36.21197509765625,47.84027099609375],[36.2122802734375,47.836700439453125],[36.213043212890625,47.83319091796875],[36.21490478515625,47.830291748046875],[36.21923828125,47.828582763671875],[36.224365234375,47.827606201171875],[36.24700927734375,47.826202392578125],[36.2523193359375,47.824951171875],[36.25665283203125,47.822998046875],[36.267364501953125,47.816131591796875],[36.27496337890625,47.81439208984375],[36.285980224609375,47.81329345703125],[36.307891845703125,47.813812255859375],[36.31842041015625,47.815155029296875],[36.325225830078125,47.8177490234375],[36.331451416015625,47.82568359375],[36.336395263671875,47.83056640625],[36.347259521484375,47.836456298828125],[36.354705810546875,47.838714599609375],[36.3612060546875,47.83984375],[36.36651611328125,47.839599609375],[36.371490478515625,47.838714599609375],[36.37567138671875,47.83697509765625],[36.37908935546875,47.834625244140625],[36.384521484375,47.829315185546875],[36.38775634765625,47.82708740234375],[36.3919677734375,47.82568359375],[36.576141357421875,47.844207763671875],[36.576904296875,47.803009033203125],[36.583740234375,47.7913818359375],[36.59417724609375,47.7882080078125],[36.605804443359375,47.786468505859375],[36.616943359375,47.786346435546875],[36.643035888671875,47.789794921875],[36.649566650390625,47.78973388671875],[36.652984619140625,47.787811279296875],[36.654998779296875,47.78497314453125],[36.656707763671875,47.778045654296875],[36.658538818359375,47.763671875],[36.661346435546875,47.757110595703125],[36.689239501953125,47.71588134765625],[36.703094482421875,47.690826416015625],[36.708831787109375,47.685028076171875],[36.715179443359375,47.681365966796875],[36.74078369140625,47.67706298828125],[36.747283935546875,47.674896240234375],[36.7491455078125,47.67218017578125],[36.748382568359375,47.669891357421875],[36.744964599609375,47.66802978515625],[36.736419677734375,47.665283203125],[36.726959228515625,47.663421630859375],[36.7227783203125,47.66131591796875],[36.720001220703125,47.657745361328125],[36.72125244140625,47.64892578125],[36.723724365234375,47.64404296875],[36.727294921875,47.6405029296875],[36.73193359375,47.638824462890625],[36.74945068359375,47.636444091796875],[36.752410888671875,47.633880615234375],[36.75323486328125,47.63037109375],[36.7520751953125,47.62628173828125],[36.74884033203125,47.617279052734375],[36.748046875,47.61199951171875],[36.74884033203125,47.6051025390625],[36.7520751953125,47.6016845703125],[36.7569580078125,47.6002197265625],[36.766571044921875,47.60150146484375],[36.797882080078125,47.6102294921875],[36.80902099609375,47.605560302734375],[36.825836181640625,47.5958251953125],[36.864959716796875,47.56634521484375],[36.8818359375,47.555908203125],[36.893310546875,47.550872802734375],[36.897186279296875,47.552734375],[36.9041748046875,47.557342529296875],[36.93072509765625,47.571044921875],[36.936767578125,47.57147216796875],[36.9442138671875,47.57037353515625],[36.987518310546875,47.552520751953125],[36.99542236328125,47.5474853515625],[37.02117919921875,47.524200439453125],[37.099884033203125,47.477813720703125],[37.102813720703125,47.47528076171875],[37.122344970703125,47.454620361328125],[37.128692626953125,47.451171875],[37.134124755859375,47.450408935546875],[37.1376953125,47.4522705078125],[37.140655517578125,47.454803466796875],[37.143890380859375,47.461212158203125],[37.147308349609375,47.463226318359375],[37.15216064453125,47.4638671875],[37.1943359375,47.459259033203125],[37.21142578125,47.45947265625],[37.21917724609375,47.4581298828125],[37.22088623046875,47.45526123046875],[37.22027587890625,47.451934814453125],[37.217803955078125,47.448394775390625],[37.2017822265625,47.42913818359375],[37.199920654296875,47.425567626953125],[37.199310302734375,47.42205810546875],[37.199615478515625,47.413238525390625],[37.19866943359375,47.40911865234375],[37.188751220703125,47.39544677734375],[37.1845703125,47.38787841796875],[37.183013916015625,47.383697509765625],[37.1822509765625,47.379669189453125],[37.18194580078125,47.375762939453125],[37.183319091796875,47.367767333984375],[37.184722900390625,47.362884521484375],[37.18548583984375,47.359100341796875],[37.185028076171875,47.3555908203125],[37.182403564453125,47.353057861328125],[37.17913818359375,47.350830078125],[37.17108154296875,47.34747314453125],[37.167205810546875,47.346282958984375],[37.16363525390625,47.34588623046875],[37.1610107421875,47.3475341796875],[37.15899658203125,47.350067138671875],[37.157135009765625,47.352996826171875],[37.1524658203125,47.358642578125],[37.149688720703125,47.36138916015625],[37.143280029296875,47.366363525390625],[37.139862060546875,47.36859130859375],[37.135528564453125,47.37054443359375],[37.130706787109375,47.37188720703125],[37.12591552734375,47.37255859375],[37.122802734375,47.372650146484375],[37.118621826171875,47.372344970703125],[37.11444091796875,47.3714599609375],[37.106536865234375,47.368072509765625],[37.103271484375,47.3656005859375],[37.100189208984375,47.36273193359375],[37.0958251953125,47.355194091796875],[37.092132568359375,47.346771240234375],[37.089935302734375,47.342926025390625],[37.0877685546875,47.339874267578125],[37.078887939453125,47.329986572265625],[37.07672119140625,47.326385498046875],[37.074859619140625,47.322723388671875],[37.0740966796875,47.318817138671875],[37.07470703125,47.307891845703125],[37.074249267578125,47.304168701171875],[37.0723876953125,47.30059814453125],[37.069427490234375,47.29803466796875],[37.065399169921875,47.296173095703125],[37.0289306640625,47.28753662109375],[37.007843017578125,47.28692626953125],[36.98907470703125,47.28863525390625],[36.977386474609375,47.291107177734375],[36.97320556640625,47.293212890625],[36.970123291015625,47.295654296875],[36.966552734375,47.297607421875],[36.9620361328125,47.298583984375],[36.95196533203125,47.298736572265625],[36.947021484375,47.299530029296875],[36.94329833984375,47.30145263671875],[36.93988037109375,47.30352783203125],[36.93646240234375,47.3050537109375],[36.93212890625,47.305084228515625],[36.92779541015625,47.3043212890625],[36.919403076171875,47.30126953125],[36.9156494140625,47.298248291015625],[36.912994384765625,47.293853759765625],[36.9139404296875,47.283599853515625],[36.918487548828125,47.275146484375],[36.93353271484375,47.25360107421875],[36.9361572265625,47.248138427734375],[36.938018798828125,47.241119384765625],[36.941131591796875,47.2159423828125],[36.940338134765625,47.212310791015625],[36.938629150390625,47.208984375],[36.935546875,47.206573486328125],[36.931671142578125,47.204864501953125],[36.922607421875,47.202728271484375],[36.869903564453125,47.199798583984375],[36.86444091796875,47.199005126953125],[36.860076904296875,47.197235107421875],[36.856536865234375,47.193695068359375],[36.85699462890625,47.190643310546875],[36.85870361328125,47.187652587890625],[36.86444091796875,47.18243408203125],[36.88897705078125,47.166046142578125],[36.897674560546875,47.16217041015625],[36.94049072265625,47.149627685546875],[36.95880126953125,47.14190673828125],[36.9625244140625,47.139678955078125],[36.96746826171875,47.135467529296875],[36.9830322265625,47.117431640625],[36.99078369140625,47.10614013671875],[37.0025634765625,47.076507568359375],[37.006439208984375,47.069915771484375],[37.01092529296875,47.06561279296875],[37.045867919921875,47.046142578125],[37.04913330078125,47.044769287109375],[37.052520751953125,47.04522705078125],[37.055328369140625,47.047821044921875],[37.060760498046875,47.0540771484375],[37.0638427734375,47.056549072265625],[37.067108154296875,47.05804443359375],[37.070831298828125,47.057525634765625],[37.0740966796875,47.0557861328125],[37.090972900390625,47.04388427734375],[37.106231689453125,47.0369873046875],[37.111328125,47.033905029296875],[37.11846923828125,47.028167724609375],[37.1204833984375,47.023895263671875],[37.119720458984375,47.02020263671875],[37.116607666015625,47.017669677734375],[37.105621337890625,47.011260986328125],[37.098480224609375,47.005706787109375],[37.09381103515625,47.000885009765625],[37.093658447265625,47.0],[37.11444091796875,46.97576904296875],[37.115692138671875,46.969879150390625],[37.11444091796875,46.9656982421875],[37.099700927734375,46.957733154296875],[37.09552001953125,46.956085205078125],[37.0911865234375,46.954986572265625],[37.086334228515625,46.955108642578125],[37.081512451171875,46.956207275390625],[37.07208251953125,46.959716796875],[37.0672607421875,46.96099853515625],[37.06182861328125,46.9610595703125],[37.057037353515625,46.95947265625],[37.0511474609375,46.95684814453125],[37.04742431640625,46.953857421875],[37.018829345703125,46.93572998046875],[37.015594482421875,46.933135986328125],[37.012481689453125,46.9300537109375],[37.009552001953125,46.926788330078125],[37.007843017578125,46.92193603515625],[37.00830078125,46.918243408203125],[37.009552001953125,46.914825439453125],[37.037689208984375,46.876708984375],[37.037750244140625,46.87664794921875],[37.02880859375,46.87554931640625],[37.017730712890625,46.87127685546875],[36.98486328125,46.85247802734375],[36.973785400390625,46.8482666015625],[36.938812255859375,46.8394775390625],[36.88623046875,46.80401611328125],[36.853668212890625,46.80047607421875],[36.862457275390625,46.77691650390625],[36.84912109375,46.75445556640625],[36.82958984375,46.73187255859375],[36.819580078125,46.7076416015625],[36.812255859375,46.6805419921875],[36.793701171875,46.65362548828125],[36.769287109375,46.63739013671875],[36.743804931640625,46.64215087890625],[36.743804931640625,46.64959716796875],[36.751220703125,46.64959716796875],[36.771636962890625,46.6434326171875],[36.790283203125,46.6712646484375],[36.80224609375,46.707000732421875],[36.802490234375,46.7247314453125],[36.794281005859375,46.72918701171875],[36.758056640625,46.75885009765625],[36.742828369140625,46.76470947265625],[36.710113525390625,46.77276611328125],[36.696044921875,46.77996826171875],[36.67919921875,46.77301025390625],[36.66162109375,46.77374267578125],[36.633941650390625,46.77996826171875],[36.617034912109375,46.77667236328125],[36.60595703125,46.7694091796875],[36.597808837890625,46.76214599609375],[36.589996337890625,46.75885009765625],[36.524078369140625,46.75885009765625],[36.482666015625,46.741668701171875],[36.432464599609375,46.734832763671875],[36.400146484375,46.72393798828125],[36.37109375,46.70843505859375],[36.303466796875,46.65924072265625],[36.284332275390625,46.63641357421875],[36.2783203125,46.607391357421875],[36.270843505859375,46.607391357421875],[36.271148681640625,46.6221923828125],[36.267578125,46.62554931640625],[36.2578125,46.6217041015625],[36.247894287109375,46.6190185546875],[36.246734619140625,46.61273193359375],[36.245758056640625,46.610809326171875],[36.24072265625,46.61993408203125],[36.243316650390625,46.62408447265625],[36.244476318359375,46.6304931640625],[36.244293212890625,46.63531494140625],[36.23291015625,46.64068603515625],[36.230621337890625,46.64215087890625],[36.221832275390625,46.654022216796875],[36.216644287109375,46.658660888671875],[36.2099609375,46.66265869140625],[36.189453125,46.66900634765625],[36.171722412109375,46.6685791015625],[36.134429931640625,46.66265869140625],[36.06201171875,46.67010498046875],[35.925537109375,46.65228271484375],[35.901611328125,46.6527099609375],[35.8271484375,46.62335205078125],[35.771148681640625,46.60125732421875],[35.741943359375,46.58441162109375],[35.661285400390625,46.519256591796875],[35.628662109375,46.49847412109375],[35.510498046875,46.45721435546875],[35.491455078125,46.447967529296875],[35.475738525390625,46.4356689453125],[35.445465087890625,46.405975341796875],[35.430023193359375,46.39556884765625],[35.39501953125,46.37860107421875],[35.380126953125,46.36846923828125],[35.284515380859375,46.25921630859375],[35.279541015625,46.255126953125],[35.279510498046875,46.255126953125],[35.267578125,46.259735107421875],[35.26483154296875,46.260467529296875],[35.2647705078125,46.260498046875],[35.291351318359375,46.2933349609375],[35.327789306640625,46.3192138671875],[35.342132568359375,46.33575439453125],[35.346038818359375,46.36102294921875],[35.328857421875,46.3480224609375],[35.3115234375,46.337615966796875],[35.291748046875,46.336395263671875],[35.267578125,46.351043701171875],[35.258544921875,46.37335205078125],[35.264495849609375,46.3997802734375],[35.284515380859375,46.4373779296875],[35.277099609375,46.44073486328125],[35.260894775390625,46.44158935546875],[35.25048828125,46.44354248046875],[35.2431640625,46.44696044921875],[35.230316162109375,46.45550537109375],[35.214599609375,46.462615966796875],[35.20166015625,46.476287841796875],[35.19140625,46.4942626953125],[35.188323974609375,46.512420654296875],[35.166656494140625,46.493133544921875],[35.173980712890625,46.47332763671875],[35.192047119140625,46.455047607421875],[35.201995849609375,46.44049072265625],[35.205078125,46.42755126953125],[35.210693359375,46.420135498046875],[35.213714599609375,46.41180419921875],[35.20947265625,46.39642333984375],[35.201507568359375,46.38531494140625],[35.167816162109375,46.36102294921875],[35.1083984375,46.2977294921875],[35.105072021484375,46.2950439453125],[35.10504150390625,46.2950439453125],[35.069305419921875,46.299896240234375],[35.05963134765625,46.305999755859375],[35.059478759765625,46.32391357421875],[35.05902099609375,46.327789306640625],[35.05328369140625,46.347900390625],[35.052642822265625,46.355194091796875],[35.05328369140625,46.35906982421875],[35.0546875,46.36309814453125],[35.06024169921875,46.37481689453125],[35.06103515625,46.379180908203125],[35.060089111328125,46.384429931640625],[35.035308837890625,46.456390380859375],[35.029388427734375,46.46478271484375],[35.023345947265625,46.469024658203125],[34.99493408203125,46.469451904296875],[34.989654541015625,46.470245361328125],[34.98406982421875,46.47198486328125],[34.968902587890625,46.4791259765625],[34.96014404296875,46.48046875],[34.946502685546875,46.485992431640625],[34.92449951171875,46.5],[34.923736572265625,46.50030517578125],[34.91815185546875,46.500823974609375],[34.871429443359375,46.497650146484375],[34.858245849609375,46.498443603515625],[34.853759765625,46.500152587890625],[34.85345458984375,46.50091552734375],[34.8531494140625,46.5023193359375],[34.852813720703125,46.5125732421875],[34.8531494140625,46.51617431640625],[34.85467529296875,46.51922607421875],[34.8577880859375,46.521575927734375],[34.8612060546875,46.52362060546875],[34.86444091796875,46.526641845703125],[34.866455078125,46.53057861328125],[34.866302490234375,46.536773681640625],[34.8629150390625,46.539947509765625],[34.857635498046875,46.541717529296875],[34.81060791015625,46.544677734375],[34.77630615234375,46.543731689453125],[34.766998291015625,46.54498291015625],[34.762176513671875,46.547210693359375],[34.75909423828125,46.5501708984375],[34.757232666015625,46.553253173828125],[34.75567626953125,46.556793212890625],[34.753662109375,46.56036376953125],[34.72943115234375,46.5869140625],[34.725250244140625,46.5926513671875],[34.723388671875,46.595703125],[34.722137451171875,46.598968505859375],[34.721832275390625,46.602630615234375],[34.722747802734375,46.60626220703125],[34.724609375,46.60980224609375],[34.73004150390625,46.6158447265625],[34.7398681640625,46.623199462890625],[34.742645263671875,46.62628173828125],[34.744354248046875,46.629852294921875],[34.744964599609375,46.633575439453125],[34.7445068359375,46.637176513671875],[34.742645263671875,46.6439208984375],[34.738006591796875,46.653564453125],[34.732666015625,46.66229248046875],[34.72772216796875,46.666473388671875],[34.7216796875,46.668975830078125],[34.69842529296875,46.67120361328125],[34.691436767578125,46.67279052734375],[34.683990478515625,46.675262451171875],[34.66705322265625,46.684356689453125],[34.661163330078125,46.68560791015625],[34.657135009765625,46.684356689453125],[34.651702880859375,46.683319091796875],[34.6455078125,46.683074951171875],[34.635406494140625,46.685760498046875],[34.6312255859375,46.68902587890625],[34.62921142578125,46.692779541015625],[34.627349853515625,46.703521728515625],[34.627349853515625,46.707000732421875],[34.62799072265625,46.710479736328125],[34.63031005859375,46.713409423828125],[34.63323974609375,46.7158203125],[34.637115478515625,46.7178955078125],[34.6414794921875,46.719146728515625],[34.64642333984375,46.719879150390625],[34.6737060546875,46.720306396484375],[34.678741455078125,46.7210693359375],[34.683380126953125,46.72216796875],[34.686798095703125,46.724273681640625],[34.689727783203125,46.727203369140625],[34.692047119140625,46.7305908203125],[34.69793701171875,46.736297607421875],[34.70538330078125,46.740264892578125],[34.714080810546875,46.742919921875],[34.71795654296875,46.7447509765625],[34.721038818359375,46.74737548828125],[34.723541259765625,46.7506103515625],[34.7291259765625,46.76275634765625],[34.7314453125,46.766387939453125],[34.733917236328125,46.769317626953125],[34.740631103515625,46.775421142578125],[34.742645263671875,46.7783203125],[34.744049072265625,46.781768798828125],[34.74481201171875,46.804718017578125],[34.745758056640625,46.808441162109375],[34.747467041015625,46.81170654296875],[34.750396728515625,46.81402587890625],[34.75457763671875,46.8155517578125],[34.7640380859375,46.81732177734375],[34.790435791015625,46.82513427734375],[34.7943115234375,46.826934814453125],[34.796661376953125,46.83172607421875],[34.7965087890625,46.83953857421875],[34.79180908203125,46.854949951171875],[34.78826904296875,46.8621826171875],[34.78436279296875,46.8671875],[34.780792236328125,46.869384765625],[34.776458740234375,46.871246337890625],[34.771331787109375,46.87249755859375],[34.759857177734375,46.8734130859375],[34.753814697265625,46.8746337890625],[34.746368408203125,46.87841796875],[34.742645263671875,46.8818359375],[34.740020751953125,46.885406494140625],[34.7291259765625,46.91741943359375],[34.725555419921875,46.9228515625],[34.72198486328125,46.926513671875],[34.717803955078125,46.928497314453125],[34.66937255859375,46.939422607421875],[34.660369873046875,46.943023681640625],[34.648895263671875,46.949676513671875],[34.644561767578125,46.9515380859375],[34.639617919921875,46.953094482421875],[34.614898681640625,46.9566650390625],[34.6083984375,46.959197998046875],[34.605133056640625,46.962249755859375],[34.603729248046875,46.965545654296875],[34.6009521484375,46.980224609375],[34.59783935546875,46.989776611328125],[34.595062255859375,46.99481201171875],[34.59210205078125,46.99822998046875],[34.589019775390625,47.000091552734375],[34.587921142578125,47.00048828125],[34.57427978515625,47.0025634765625],[34.56585693359375,47.0052490234375],[34.561981201171875,47.0081787109375],[34.559661865234375,47.0115966796875],[34.557952880859375,47.018524169921875],[34.556549072265625,47.052398681640625],[34.540435791015625,47.099700927734375],[34.536865234375,47.10394287109375],[34.531768798828125,47.106414794921875],[34.51812744140625,47.109710693359375],[34.509552001953125,47.11328125],[34.506134033203125,47.116943359375],[34.504425048828125,47.12078857421875],[34.503173828125,47.127899169921875],[34.4991455078125,47.141387939453125],[34.4979248046875,47.1485595703125],[34.497283935546875,47.156005859375],[34.4974365234375,47.159912109375],[34.5008544921875,47.18072509765625],[34.5008544921875,47.184295654296875],[34.500396728515625,47.18780517578125],[34.4921875,47.215179443359375],[34.491546630859375,47.218719482421875],[34.49169921875,47.222320556640625],[34.492950439453125,47.22601318359375],[34.4951171875,47.228668212890625],[34.500244140625,47.231781005859375],[34.5025634765625,47.234375],[34.504425048828125,47.2386474609375],[34.50457763671875,47.24652099609375],[34.503021240234375,47.250762939453125],[34.500701904296875,47.253692626953125],[34.48565673828125,47.26123046875],[34.479156494140625,47.265716552734375],[34.4761962890625,47.269500732421875],[34.475128173828125,47.273651123046875],[34.475128173828125,47.2774658203125],[34.476348876953125,47.285736083984375],[34.477752685546875,47.28997802734375],[34.4796142578125,47.293853759765625],[34.482574462890625,47.29669189453125],[34.486114501953125,47.298736572265625],[34.5008544921875,47.3031005859375],[34.504119873046875,47.3046875],[34.506744384765625,47.30706787109375],[34.50830078125,47.311126708984375],[34.506439208984375,47.31390380859375],[34.50347900390625,47.31597900390625],[34.500091552734375,47.317047119140625],[34.496368408203125,47.31756591796875],[34.428558349609375,47.312896728515625],[34.419891357421875,47.310211181640625],[34.416168212890625,47.308013916015625],[34.41400146484375,47.3046875],[34.412445068359375,47.30078125],[34.4114990234375,47.29693603515625],[34.40948486328125,47.293426513671875],[34.40374755859375,47.2879638671875],[34.400909423828125,47.2847900390625],[34.396575927734375,47.277374267578125],[34.393310546875,47.274871826171875],[34.389129638671875,47.273468017578125],[34.384002685546875,47.27288818359375],[34.37860107421875,47.2733154296875],[34.37347412109375,47.2744140625],[34.359375,47.279693603515625],[34.3536376953125,47.28076171875],[34.3404541015625,47.27978515625],[34.335906982421875,47.278228759765625],[34.324432373046875,47.2724609375],[34.315582275390625,47.2698974609375],[34.310333251953125,47.26934814453125],[34.30474853515625,47.269775390625],[34.29840087890625,47.2720947265625],[34.295440673828125,47.275054931640625],[34.294036865234375,47.27874755859375],[34.293426513671875,47.293792724609375],[34.29217529296875,47.297760009765625],[34.290313720703125,47.30206298828125],[34.280517578125,47.318817138671875],[34.230377197265625,47.43145751953125],[34.203704833984375,47.4783935546875],[34.319305419921875,47.50518798828125],[34.4459228515625,47.522857666015625],[34.583740234375,47.567169189453125],[34.5946044921875,47.568603515625],[34.644561767578125,47.5635986328125],[34.729888916015625,47.539154052734375],[34.832611083984375,47.525909423828125],[34.89825439453125,47.523223876953125],[34.90728759765625,47.52435302734375],[34.910552978515625,47.5262451171875],[34.9161376953125,47.530853271484375],[34.921875,47.538848876953125],[34.923248291015625,47.541900634765625],[34.92962646484375,47.56329345703125],[34.930084228515625,47.567169189453125],[34.929779052734375,47.570831298828125],[34.92822265625,47.57403564453125],[34.925750732421875,47.576812744140625],[34.919525146484375,47.581512451171875],[34.899993896484375,47.591796875],[34.896697998046875,47.59417724609375],[34.895294189453125,47.59722900390625],[34.895782470703125,47.600860595703125],[34.897308349609375,47.604248046875],[34.912261962890625,47.630157470703125],[34.918609619140625,47.64715576171875],[34.926513671875,47.6767578125],[34.934112548828125,47.692230224609375],[34.9454345703125,47.7388916015625],[34.945281982421875,47.742767333984375],[34.9443359375,47.746185302734375],[34.940765380859375,47.748504638671875],[34.9356689453125,47.750030517578125],[34.91162109375,47.752288818359375],[34.89373779296875,47.7557373046875],[34.8887939453125,47.7574462890625],[34.886322021484375,47.7601318359375],[34.886627197265625,47.76373291015625],[34.890350341796875,47.77655029296875],[34.8905029296875,47.780487060546875],[34.889556884765625,47.78387451171875],[34.88818359375,47.787109375],[34.8870849609375,47.790435791015625],[34.886627197265625,47.794158935546875],[34.8876953125,47.798919677734375],[34.89111328125,47.804962158203125],[34.899993896484375,47.81634521484375],[34.902587890625,47.820465087890625],[34.903839111328125,47.824188232421875],[34.904144287109375,47.827239990234375],[34.903533935546875,47.828887939453125],[34.90185546875,47.830810546875],[34.895782470703125,47.83477783203125],[34.818359375,47.86663818359375],[34.811676025390625,47.871368408203125],[34.80950927734375,47.874267578125],[34.808135986328125,47.877532958984375],[34.80780029296875,47.881195068359375],[34.807647705078125,47.884979248046875],[34.808746337890625,47.88970947265625],[34.810455322265625,47.89483642578125],[34.8143310546875,47.90185546875],[34.81976318359375,47.90673828125],[34.846466064453125,47.92205810546875],[34.8526611328125,47.9244384765625],[34.89654541015625,47.931060791015625],[34.90728759765625,47.934356689453125],[34.912109375,47.93841552734375],[34.9150390625,47.942840576171875],[34.916290283203125,47.9471435546875],[34.916900634765625,47.951141357421875],[34.916595458984375,47.954833984375],[34.91412353515625,47.961395263671875],[34.911773681640625,47.96435546875],[34.90838623046875,47.9666748046875],[34.903533935546875,47.9683837890625],[34.866790771484375,47.974884033203125],[34.857025146484375,47.978363037109375],[34.853302001953125,47.980712890625],[34.850189208984375,47.983154296875],[34.8480224609375,47.986053466796875],[34.84625244140625,47.9891357421875],[34.8453369140625,47.99267578125],[34.84490966796875,47.99591064453125],[34.8446044921875,48.001495361328125],[34.843994140625,48.00396728515625],[34.84222412109375,48.00653076171875],[34.838653564453125,48.00836181640625],[34.83355712890625,48.008941650390625],[34.82269287109375,48.009246826171875],[34.817901611328125,48.01007080078125],[34.81494140625,48.011993408203125],[34.813385009765625,48.0155029296875],[34.813690185546875,48.01983642578125],[34.816192626953125,48.025787353515625],[34.821136474609375,48.02874755859375],[34.83477783203125,48.03466796875],[34.838348388671875,48.038116455078125],[34.8402099609375,48.041290283203125],[34.84222412109375,48.065338134765625],[34.843475341796875,48.07049560546875],[34.84490966796875,48.07330322265625],[34.846466064453125,48.0772705078125],[34.84625244140625,48.078704833984375],[34.84564208984375,48.080780029296875],[34.840362548828125,48.0892333984375],[34.836029052734375,48.098846435546875],[34.83526611328125,48.10333251953125],[34.83587646484375,48.10858154296875],[34.84051513671875,48.11749267578125],[34.845855712890625,48.120819091796875],[34.8514404296875,48.12274169921875],[34.857025146484375,48.122833251953125],[34.862579345703125,48.1224365234375],[34.86724853515625,48.121551513671875],[34.869873046875,48.11932373046875],[34.870330810546875,48.1163330078125],[34.870025634765625,48.110992431640625],[34.87017822265625,48.104248046875],[34.87127685546875,48.097076416015625],[34.873138427734375,48.090240478515625],[34.874542236328125,48.08697509765625],[34.876556396484375,48.084014892578125],[34.880584716796875,48.082000732421875],[34.885986328125,48.08087158203125],[34.943115234375,48.080963134765625],[34.96905517578125,48.0919189453125],[35.00177001953125,48.110626220703125],[35.017425537109375,48.11663818359375],[35.02862548828125,48.119415283203125],[35.0380859375,48.11822509765625],[35.047698974609375,48.11822509765625],[35.06500244140625,48.119720458984375],[35.074066162109375,48.12274169921875],[35.080810546875,48.125762939453125],[35.10137939453125,48.128692626953125],[35.118133544921875,48.1290283203125],[35.12872314453125,48.1280517578125],[35.156158447265625,48.119781494140625],[35.16455078125,48.119110107421875],[35.173675537109375,48.12091064453125],[35.19110107421875,48.12371826171875],[35.245086669921875,48.13018798828125],[35.254547119140625,48.129669189453125],[35.27471923828125,48.12579345703125],[35.34002685546875,48.103973388671875],[35.4970703125,48.085205078125],[35.51165771484375,48.079986572265625],[35.514739990234375,48.079376220703125]]]}},{"type":"Feature","properties":{"name_en":"Kherson Oblast","country":"Russia","admin_level":"federal_subject","disputed_territory":true},"geometry":{"type":"MultiPolygon","coordinates":[[[[32.881683349609375,46.055389404296875],[32.91357421875,46.038787841796875],[32.954833984375,46.051727294921875],[32.978668212890625,46.05328369140625],[32.9892578125,46.0426025390625],[32.999359130859375,46.0352783203125],[33.045074462890625,46.03790283203125],[33.057464599609375,46.02520751953125],[33.0400390625,46.01214599609375],[32.619384765625,46.05999755859375],[32.626708984375,46.065887451171875],[32.63134765625,46.06622314453125],[32.639312744140625,46.05999755859375],[32.783203125,46.04632568359375],[32.85205078125,46.0562744140625],[32.881683349609375,46.055389404296875]]],[[[34.9853515625,46.08746337890625],[35.01708984375,46.112762451171875],[35.051910400390625,46.12823486328125],[35.049072265625,46.132049560546875],[35.04443359375,46.14190673828125],[35.14892578125,46.16412353515625],[35.200439453125,46.1829833984375],[35.227874755859375,46.22174072265625],[35.251800537109375,46.240203857421875],[35.26220703125,46.257293701171875],[35.2647705078125,46.260498046875],[35.26483154296875,46.260467529296875],[35.267578125,46.259735107421875],[35.279510498046875,46.255126953125],[35.263519287109375,46.24224853515625],[35.20947265625,46.16986083984375],[35.184722900390625,46.145477294921875],[35.161773681640625,46.12823486328125],[35.12109375,46.11846923828125],[35.096527099609375,46.10418701171875],[35.062255859375,46.098602294921875],[35.03857421875,46.0860595703125],[35.0,46.0736083984375],[34.982086181640625,46.07781982421875],[34.9853515625,46.08746337890625]]],[[[32.101806640625,46.16668701171875],[31.737152099609375,46.22076416015625],[31.580322265625,46.26275634765625],[31.548995971679688,46.28240966796875],[31.52197265625,46.313201904296875],[31.514007568359375,46.32940673828125],[31.505050659179688,46.35491943359375],[31.50439453125,46.37335205078125],[31.52197265625,46.36846923828125],[31.538421630859375,46.3258056640625],[31.554367065429688,46.29632568359375],[31.577972412109375,46.27557373046875],[31.6181640625,46.25921630859375],[31.940277099609375,46.204559326171875],[32.07080078125,46.18243408203125],[32.153076171875,46.155975341796875],[32.166259765625,46.14935302734375],[32.143890380859375,46.15264892578125],[32.101806640625,46.16668701171875]]],[[[33.352447509765625,47.497894287109375],[33.355072021484375,47.499298095703125],[33.35601806640625,47.5003662109375],[33.35662841796875,47.50360107421875],[33.357574462890625,47.506744384765625],[33.359283447265625,47.509857177734375],[33.362060546875,47.512542724609375],[33.365936279296875,47.51434326171875],[33.370574951171875,47.515472412109375],[33.47674560546875,47.5299072265625],[33.485260009765625,47.53271484375],[33.488983154296875,47.53497314453125],[33.49176025390625,47.53759765625],[33.493621826171875,47.541015625],[33.493927001953125,47.544677734375],[33.493621826171875,47.54833984375],[33.491912841796875,47.555389404296875],[33.491455078125,47.5587158203125],[33.4920654296875,47.5618896484375],[33.4942626953125,47.56414794921875],[33.497406005859375,47.5654296875],[33.5032958984375,47.567108154296875],[33.5628662109375,47.575347900390625],[33.569091796875,47.574615478515625],[33.575439453125,47.572784423828125],[33.583038330078125,47.567596435546875],[33.5869140625,47.563690185546875],[33.588775634765625,47.560028076171875],[33.588470458984375,47.556915283203125],[33.586456298828125,47.553924560546875],[33.578704833984375,47.544586181640625],[33.57666015625,47.54095458984375],[33.575286865234375,47.537567138671875],[33.575286865234375,47.534271240234375],[33.579010009765625,47.527587890625],[33.5828857421875,47.517913818359375],[33.58441162109375,47.51470947265625],[33.588134765625,47.512176513671875],[33.594512939453125,47.510772705078125],[33.617034912109375,47.5123291015625],[33.62432861328125,47.5115966796875],[33.630218505859375,47.50762939453125],[33.63299560546875,47.50439453125],[33.634857177734375,47.501678466796875],[33.640289306640625,47.491302490234375],[33.64276123046875,47.488494873046875],[33.654388427734375,47.48681640625],[33.752471923828125,47.490997314453125],[33.87969970703125,47.51373291015625],[33.901763916015625,47.514434814453125],[34.058197021484375,47.480712890625],[34.157470703125,47.473876953125],[34.203704833984375,47.4783935546875],[34.230377197265625,47.43145751953125],[34.280517578125,47.318817138671875],[34.290313720703125,47.30206298828125],[34.29217529296875,47.297760009765625],[34.293426513671875,47.293792724609375],[34.294036865234375,47.27874755859375],[34.295440673828125,47.275054931640625],[34.29840087890625,47.2720947265625],[34.30474853515625,47.269775390625],[34.310333251953125,47.26934814453125],[34.315582275390625,47.2698974609375],[34.324432373046875,47.2724609375],[34.335906982421875,47.278228759765625],[34.3404541015625,47.27978515625],[34.3536376953125,47.28076171875],[34.359375,47.279693603515625],[34.37347412109375,47.2744140625],[34.37860107421875,47.2733154296875],[34.384002685546875,47.27288818359375],[34.389129638671875,47.273468017578125],[34.393310546875,47.274871826171875],[34.396575927734375,47.277374267578125],[34.400909423828125,47.2847900390625],[34.40374755859375,47.2879638671875],[34.40948486328125,47.293426513671875],[34.4114990234375,47.29693603515625],[34.412445068359375,47.30078125],[34.41400146484375,47.3046875],[34.416168212890625,47.308013916015625],[34.419891357421875,47.310211181640625],[34.428558349609375,47.312896728515625],[34.496368408203125,47.31756591796875],[34.500091552734375,47.317047119140625],[34.50347900390625,47.31597900390625],[34.506439208984375,47.31390380859375],[34.50830078125,47.311126708984375],[34.506744384765625,47.30706787109375],[34.504119873046875,47.3046875],[34.5008544921875,47.3031005859375],[34.486114501953125,47.298736572265625],[34.482574462890625,47.29669189453125],[34.4796142578125,47.293853759765625],[34.477752685546875,47.28997802734375],[34.476348876953125,47.285736083984375],[34.475128173828125,47.2774658203125],[34.475128173828125,47.273651123046875],[34.4761962890625,47.269500732421875],[34.479156494140625,47.265716552734375],[34.48565673828125,47.26123046875],[34.500701904296875,47.253692626953125],[34.503021240234375,47.250762939453125],[34.50457763671875,47.24652099609375],[34.504425048828125,47.2386474609375],[34.5025634765625,47.234375],[34.500244140625,47.231781005859375],[34.4951171875,47.228668212890625],[34.492950439453125,47.22601318359375],[34.49169921875,47.222320556640625],[34.491546630859375,47.218719482421875],[34.4921875,47.215179443359375],[34.500396728515625,47.18780517578125],[34.5008544921875,47.184295654296875],[34.5008544921875,47.18072509765625],[34.4974365234375,47.159912109375],[34.497283935546875,47.156005859375],[34.4979248046875,47.1485595703125],[34.4991455078125,47.141387939453125],[34.503173828125,47.127899169921875],[34.504425048828125,47.12078857421875],[34.506134033203125,47.116943359375],[34.509552001953125,47.11328125],[34.51812744140625,47.109710693359375],[34.531768798828125,47.106414794921875],[34.536865234375,47.10394287109375],[34.540435791015625,47.099700927734375],[34.556549072265625,47.052398681640625],[34.557952880859375,47.018524169921875],[34.559661865234375,47.0115966796875],[34.561981201171875,47.0081787109375],[34.56585693359375,47.0052490234375],[34.57427978515625,47.0025634765625],[34.587921142578125,47.00048828125],[34.589019775390625,47.000091552734375],[34.59210205078125,46.99822998046875],[34.595062255859375,46.99481201171875],[34.59783935546875,46.989776611328125],[34.6009521484375,46.980224609375],[34.603729248046875,46.965545654296875],[34.605133056640625,46.962249755859375],[34.6083984375,46.959197998046875],[34.614898681640625,46.9566650390625],[34.639617919921875,46.953094482421875],[34.644561767578125,46.9515380859375],[34.648895263671875,46.949676513671875],[34.660369873046875,46.943023681640625],[34.66937255859375,46.939422607421875],[34.717803955078125,46.928497314453125],[34.72198486328125,46.926513671875],[34.725555419921875,46.9228515625],[34.7291259765625,46.91741943359375],[34.740020751953125,46.885406494140625],[34.742645263671875,46.8818359375],[34.746368408203125,46.87841796875],[34.753814697265625,46.8746337890625],[34.759857177734375,46.8734130859375],[34.771331787109375,46.87249755859375],[34.776458740234375,46.871246337890625],[34.780792236328125,46.869384765625],[34.78436279296875,46.8671875],[34.78826904296875,46.8621826171875],[34.79180908203125,46.854949951171875],[34.7965087890625,46.83953857421875],[34.796661376953125,46.83172607421875],[34.7943115234375,46.826934814453125],[34.790435791015625,46.82513427734375],[34.7640380859375,46.81732177734375],[34.75457763671875,46.8155517578125],[34.750396728515625,46.81402587890625],[34.747467041015625,46.81170654296875],[34.745758056640625,46.808441162109375],[34.74481201171875,46.804718017578125],[34.744049072265625,46.781768798828125],[34.742645263671875,46.7783203125],[34.740631103515625,46.775421142578125],[34.733917236328125,46.769317626953125],[34.7314453125,46.766387939453125],[34.7291259765625,46.76275634765625],[34.723541259765625,46.7506103515625],[34.721038818359375,46.74737548828125],[34.71795654296875,46.7447509765625],[34.714080810546875,46.742919921875],[34.70538330078125,46.740264892578125],[34.69793701171875,46.736297607421875],[34.692047119140625,46.7305908203125],[34.689727783203125,46.727203369140625],[34.686798095703125,46.724273681640625],[34.683380126953125,46.72216796875],[34.678741455078125,46.7210693359375],[34.6737060546875,46.720306396484375],[34.64642333984375,46.719879150390625],[34.6414794921875,46.719146728515625],[34.637115478515625,46.7178955078125],[34.63323974609375,46.7158203125],[34.63031005859375,46.713409423828125],[34.62799072265625,46.710479736328125],[34.627349853515625,46.707000732421875],[34.627349853515625,46.703521728515625],[34.62921142578125,46.692779541015625],[34.6312255859375,46.68902587890625],[34.635406494140625,46.685760498046875],[34.6455078125,46.683074951171875],[34.651702880859375,46.683319091796875],[34.657135009765625,46.684356689453125],[34.661163330078125,46.68560791015625],[34.66705322265625,46.684356689453125],[34.683990478515625,46.675262451171875],[34.691436767578125,46.67279052734375],[34.69842529296875,46.67120361328125],[34.7216796875,46.668975830078125],[34.72772216796875,46.666473388671875],[34.732666015625,46.66229248046875],[34.738006591796875,46.653564453125],[34.742645263671875,46.6439208984375],[34.7445068359375,46.637176513671875],[34.744964599609375,46.633575439453125],[34.744354248046875,46.629852294921875],[34.742645263671875,46.62628173828125],[34.7398681640625,46.623199462890625],[34.73004150390625,46.6158447265625],[34.724609375,46.60980224609375],[34.722747802734375,46.60626220703125],[34.721832275390625,46.602630615234375],[34.722137451171875,46.598968505859375],[34.723388671875,46.595703125],[34.725250244140625,46.5926513671875],[34.72943115234375,46.5869140625],[34.753662109375,46.56036376953125],[34.75567626953125,46.556793212890625],[34.757232666015625,46.553253173828125],[34.75909423828125,46.5501708984375],[34.762176513671875,46.547210693359375],[34.766998291015625,46.54498291015625],[34.77630615234375,46.543731689453125],[34.81060791015625,46.544677734375],[34.857635498046875,46.541717529296875],[34.8629150390625,46.539947509765625],[34.866302490234375,46.536773681640625],[34.866455078125,46.53057861328125],[34.86444091796875,46.526641845703125],[34.8612060546875,46.52362060546875],[34.8577880859375,46.521575927734375],[34.85467529296875,46.51922607421875],[34.8531494140625,46.51617431640625],[34.852813720703125,46.5125732421875],[34.8531494140625,46.5023193359375],[34.85345458984375,46.50091552734375],[34.853759765625,46.500152587890625],[34.858245849609375,46.498443603515625],[34.871429443359375,46.497650146484375],[34.91815185546875,46.500823974609375],[34.923736572265625,46.50030517578125],[34.92449951171875,46.5],[34.946502685546875,46.485992431640625],[34.96014404296875,46.48046875],[34.968902587890625,46.4791259765625],[34.98406982421875,46.47198486328125],[34.989654541015625,46.470245361328125],[34.99493408203125,46.469451904296875],[35.023345947265625,46.469024658203125],[35.029388427734375,46.46478271484375],[35.035308837890625,46.456390380859375],[35.060089111328125,46.384429931640625],[35.06103515625,46.379180908203125],[35.06024169921875,46.37481689453125],[35.0546875,46.36309814453125],[35.05328369140625,46.35906982421875],[35.052642822265625,46.355194091796875],[35.05328369140625,46.347900390625],[35.05902099609375,46.327789306640625],[35.059478759765625,46.32391357421875],[35.05963134765625,46.305999755859375],[35.069305419921875,46.299896240234375],[35.10504150390625,46.2950439453125],[35.075042724609375,46.27105712890625],[35.03076171875,46.25177001953125],[34.93603515625,46.23541259765625],[34.926513671875,46.23504638671875],[34.9140625,46.23809814453125],[34.908050537109375,46.2442626953125],[34.9072265625,46.25164794921875],[34.90478515625,46.25567626953125],[34.8935546875,46.25177001953125],[34.886566162109375,46.24273681640625],[34.885406494140625,46.23138427734375],[34.882171630859375,46.22174072265625],[34.8388671875,46.2076416015625],[34.835113525390625,46.20318603515625],[34.817626953125,46.18621826171875],[34.812255859375,46.1766357421875],[34.811279296875,46.166229248046875],[34.813232421875,46.15826416015625],[34.819091796875,46.14190673828125],[34.82421875,46.07794189453125],[34.828948974609375,46.06341552734375],[34.838531494140625,46.04754638671875],[34.874359130859375,45.92608642578125],[34.883453369140625,45.912811279296875],[34.895172119140625,45.9010009765625],[34.905029296875,45.88861083984375],[34.958160400390625,45.789520263671875],[34.977550506591797,45.762852670319745],[34.959697723388672,45.756505236755196],[34.945106506347649,45.763930464676235],[34.919357299804688,45.77458753226778],[34.864597320556641,45.794100252988855],[34.799022674560547,45.810495232709101],[34.802284240722656,45.900641113905472],[34.754390716552734,45.908763797588549],[34.725723266601562,45.928348909804967],[34.688987731933594,45.954610764878801],[34.674224853515625,45.96535066572315],[34.653453826904297,45.976327079363408],[34.633712768554688,45.984677241221931],[34.603672027587891,45.994099482736694],[34.58770751953125,45.995530568974132],[34.575862884521484,45.995769079749053],[34.563331604003906,45.993980223879753],[34.556808471679688,45.991594992771091],[34.552860260009766,45.987659136695555],[34.547195434570312,45.979070842884241],[34.522991180419922,45.955326823034866],[34.509601593017578,45.946733514502782],[34.495525360107422,45.942197620065294],[34.468746185302734,45.94637543106672],[34.441967010498047,45.962486895715749],[34.423770904541016,45.978355091594707],[34.413127899169922,45.98932892799953],[34.410896301269524,45.996484605905898],[34.408836364746094,46.00578560402203],[34.347038269042969,46.055602773746209],[34.330558776855469,46.060844074364717],[34.248847961425781,46.05298193687041],[34.182929992675781,46.067037697317019],[34.176063537597656,46.072277912467889],[34.154777526855469,46.081089879640857],[34.144477844238281,46.087519345973455],[34.124908447265625,46.105613079982952],[34.089546203613281,46.114895717476216],[34.080276489257812,46.117275629115568],[34.072723388671875,46.117275629115568],[34.053840637207031,46.108707466186097],[34.001312255859375,46.125128608280349],[33.988265991210938,46.134170046243263],[33.912734985351562,46.1605720630061],[33.871192932128906,46.189813561229869],[33.849906921386719,46.198844376182535],[33.838920593261719,46.200983036045983],[33.799095153808587,46.204309674816699],[33.756179809570305,46.191001911142294],[33.739356994628906,46.185297597240442],[33.7005615234375,46.202883997151375],[33.687171936035156,46.205497711275896],[33.664169311523438,46.222602587515937],[33.647003173828118,46.230203044669985],[33.614044189453125,46.226165432835074],[33.636875152587891,46.141069092487712],[33.620395660400391,46.136311222062865],[33.613433837890625,46.14520263671875],[33.596527099609375,46.155731201171875],[33.571533203125,46.14935302734375],[33.5498046875,46.13641357421875],[33.532470703125,46.12152099609375],[33.53125,46.10687255859375],[33.557861328125,46.094696044921875],[33.557861328125,46.0872802734375],[33.53125,46.085906982421875],[33.505615234375,46.08026123046875],[33.495758056640625,46.067840576171875],[33.516265869140625,46.04632568359375],[33.50634765625,46.04681396484375],[33.485504150390625,46.05316162109375],[33.423828125,46.05328369140625],[33.415283203125,46.058074951171875],[33.38427734375,46.08758544921875],[33.357757568359375,46.10382080078125],[33.3310546875,46.10748291015625],[33.310791015625,46.0872802734375],[33.305816650390625,46.09234619140625],[33.301422119140625,46.0936279296875],[33.29638671875,46.09356689453125],[33.290283203125,46.094696044921875],[33.306884765625,46.10614013671875],[33.317718505859375,46.11968994140625],[33.315673828125,46.1309814453125],[33.29345703125,46.13568115234375],[33.214599609375,46.12823486328125],[33.221832275390625,46.1414794921875],[33.225341796875,46.15411376953125],[33.235107421875,46.22381591796875],[33.2119140625,46.206268310546875],[33.194976806640625,46.178680419921875],[33.175048828125,46.15313720703125],[33.143218994140625,46.14190673828125],[33.135498046875,46.14068603515625],[33.122894287109375,46.1358642578125],[33.11279296875,46.13568115234375],[33.103271484375,46.13836669921875],[33.081787109375,46.14935302734375],[33.0234375,46.16986083984375],[33.032470703125,46.1409912109375],[33.018218994140625,46.127655029296875],[32.9130859375,46.11517333984375],[32.899261474609375,46.115203857421875],[32.8916015625,46.116668701171875],[32.882659912109375,46.12066650390625],[32.876129150390625,46.12139892578125],[32.853179931640625,46.120330810546875],[32.844573974609375,46.12139892578125],[32.789794921875,46.13433837890625],[32.766265869140625,46.13568115234375],[32.751312255859375,46.133026123046875],[32.714019775390625,46.12005615234375],[32.588226318359375,46.1043701171875],[32.577789306640625,46.101531982421875],[32.567535400390625,46.0965576171875],[32.551025390625,46.08428955078125],[32.543701171875,46.0804443359375],[32.50341796875,46.07611083984375],[32.302490234375,46.116668701171875],[32.280517578125,46.1275634765625],[32.267730712890625,46.1265869140625],[32.262451171875,46.12823486328125],[32.260498046875,46.13214111328125],[32.25732421875,46.14495849609375],[32.255615234375,46.14935302734375],[32.251708984375,46.1568603515625],[32.247406005859375,46.17071533203125],[32.241943359375,46.1766357421875],[32.260894775390625,46.1885986328125],[32.266754150390625,46.194793701171875],[32.269287109375,46.204559326171875],[32.2392578125,46.19525146484375],[32.213134765625,46.19305419921875],[32.187347412109375,46.19671630859375],[32.142578125,46.207977294921875],[32.128662109375,46.209686279296875],[32.115386962890625,46.21453857421875],[32.077880859375,46.249481201171875],[32.050140380859375,46.26605224609375],[32.01806640625,46.25750732421875],[31.968429565429688,46.27569580078125],[31.8857421875,46.32000732421875],[31.884033203125,46.30865478515625],[31.887939453125,46.295135498046875],[31.889892578125,46.2838134765625],[31.88232421875,46.27911376953125],[31.819183349609375,46.28057861328125],[31.801116943359375,46.2850341796875],[31.785888671875,46.2923583984375],[31.7724609375,46.30267333984375],[31.767333984375,46.31817626953125],[31.779953002929688,46.331756591796875],[31.7998046875,46.34222412109375],[31.816741943359375,46.34796142578125],[31.83740234375,46.34954833984375],[31.892578125,46.34112548828125],[31.96826171875,46.351043701171875],[31.977294921875,46.35528564453125],[32.029632568359375,46.38897705078125],[32.041656494140625,46.390838623046875],[32.05517578125,46.39056396484375],[32.061859130859375,46.393768310546875],[32.053558349609375,46.405975341796875],[32.0078125,46.448944091796875],[31.99169921875,46.45355224609375],[31.95458984375,46.45098876953125],[31.91064453125,46.45587158203125],[31.8162841796875,46.483001708984375],[31.816482543945312,46.48309326171875],[31.81658935546875,46.483154296875],[31.85174560546875,46.521942138671875],[31.86181640625,46.519256591796875],[31.947113037109375,46.519256591796875],[32.033447265625,46.50628662109375],[32.091156005859375,46.5128173828125],[32.111663818359375,46.512420654296875],[32.221527099609375,46.49542236328125],[32.276123046875,46.47088623046875],[32.317535400390625,46.464324951171875],[32.360992431640625,46.46685791015625],[32.399658203125,46.47833251953125],[32.427001953125,46.49884033203125],[32.408355712890625,46.51727294921875],[32.435699462890625,46.54315185546875],[32.505706787109375,46.5841064453125],[32.524749755859375,46.59271240234375],[32.570953369140625,46.596405029296875],[32.58837890625,46.60430908203125],[32.603759765625,46.615692138671875],[32.619384765625,46.623504638671875],[32.6337890625,46.63311767578125],[32.6455078125,46.64959716796875],[32.621826171875,46.64178466796875],[32.594573974609375,46.6282958984375],[32.5673828125,46.61846923828125],[32.543701171875,46.6217041015625],[32.409027099609375,46.56890869140625],[32.335784912109375,46.5621337890625],[32.269287109375,46.58758544921875],[32.253753662109375,46.604705810546875],[32.248199462890625,46.607391357421875],[32.23681640625,46.60443115234375],[32.220062255859375,46.5906982421875],[32.2109375,46.58758544921875],[32.19970703125,46.58648681640625],[32.18017578125,46.581756591796875],[32.169921875,46.58074951171875],[32.146331787109375,46.56024169921875],[32.132080078125,46.570281982421875],[32.117919921875,46.60687255859375],[32.10107421875,46.6148681640625],[32.03955078125,46.62347412109375],[32.022796630859375,46.629119873046875],[32.008941650390625,46.6397705078125],[31.992919921875,46.65740966796875],[31.979827880859375,46.67706298828125],[31.974456787109375,46.6939697265625],[31.970703125,46.712860107421875],[31.964889526367188,46.722076416015625],[31.964996337890625,46.722412109375],[31.966445922851562,46.72698974609375],[32.0167236328125,46.726165771484375],[32.032073974609375,46.729705810546875],[32.039825439453125,46.73553466796875],[32.057373046875,46.743896484375],[32.06512451171875,46.745849609375],[32.07196044921875,46.74676513671875],[32.07769775390625,46.746307373046875],[32.082977294921875,46.745208740234375],[32.099456787109375,46.73822021484375],[32.112152099609375,46.7352294921875],[32.123016357421875,46.735321044921875],[32.154632568359375,46.741668701171875],[32.171600341796875,46.7467041015625],[32.1787109375,46.750946044921875],[32.185394287109375,46.75579833984375],[32.18817138671875,46.75860595703125],[32.19793701171875,46.7716064453125],[32.207763671875,46.79034423828125],[32.2105712890625,46.7947998046875],[32.214599609375,46.799285888671875],[32.22265625,46.804962158203125],[32.22869873046875,46.80755615234375],[32.234893798828125,46.80926513671875],[32.24822998046875,46.810882568359375],[32.259246826171875,46.810577392578125],[32.317413330078125,46.79620361328125],[32.34320068359375,46.7945556640625],[32.351104736328125,46.795745849609375],[32.35638427734375,46.798126220703125],[32.35870361328125,46.801422119140625],[32.37017822265625,46.82586669921875],[32.374053955078125,46.83062744140625],[32.381805419921875,46.8365478515625],[32.389312744140625,46.839508056640625],[32.42279052734375,46.84576416015625],[32.444244384765625,46.84710693359375],[32.449493408203125,46.846466064453125],[32.454010009765625,46.844970703125],[32.457244873046875,46.84259033203125],[32.461456298828125,46.83673095703125],[32.463165283203125,46.833648681640625],[32.46966552734375,46.831329345703125],[32.479736328125,46.829833984375],[32.51483154296875,46.831695556640625],[32.5225830078125,46.8331298828125],[32.527862548828125,46.835845947265625],[32.5306396484375,46.83782958984375],[32.533111572265625,46.840576171875],[32.53497314453125,46.844207763671875],[32.536224365234375,46.848663330078125],[32.53668212890625,46.85345458984375],[32.53668212890625,46.8682861328125],[32.53839111328125,46.87274169921875],[32.542572021484375,46.87420654296875],[32.547393798828125,46.874237060546875],[32.55194091796875,46.872772216796875],[32.5545654296875,46.870330810546875],[32.5579833984375,46.868011474609375],[32.562774658203125,46.866455078125],[32.571319580078125,46.8658447265625],[32.5751953125,46.863616943359375],[32.5826416015625,46.861572265625],[32.592864990234375,46.85980224609375],[32.63214111328125,46.86077880859375],[32.640655517578125,46.859619140625],[32.6439208984375,46.857269287109375],[32.64764404296875,46.85516357421875],[32.652435302734375,46.85345458984375],[32.675140380859375,46.84844970703125],[32.679473876953125,46.846466064453125],[32.68304443359375,46.84417724609375],[32.685821533203125,46.841583251953125],[32.692657470703125,46.833038330078125],[32.6954345703125,46.830352783203125],[32.69854736328125,46.82781982421875],[32.701934814453125,46.82574462890625],[32.705657958984375,46.824249267578125],[32.7086181640625,46.82373046875],[32.719512939453125,46.82354736328125],[32.77288818359375,46.82843017578125],[32.822052001953125,46.826934814453125],[32.82830810546875,46.82794189453125],[32.83233642578125,46.8297119140625],[32.8360595703125,46.831756591796875],[32.914093017578125,46.8507080078125],[32.93145751953125,46.85693359375],[32.94073486328125,46.8619384765625],[32.938873291015625,46.864410400390625],[32.934844970703125,46.865081787109375],[32.924774169921875,46.86456298828125],[32.91949462890625,46.865081787109375],[32.910369873046875,46.8685302734375],[32.903839111328125,46.87005615234375],[32.849853515625,46.8665771484375],[32.826446533203125,46.8680419921875],[32.81878662109375,46.86962890625],[32.81475830078125,46.8709716796875],[32.81103515625,46.872894287109375],[32.807769775390625,46.875274658203125],[32.806549072265625,46.878662109375],[32.8070068359375,46.882232666015625],[32.811981201171875,46.886962890625],[32.81646728515625,46.888824462890625],[32.913909912109375,46.9000244140625],[32.92431640625,46.9027099609375],[32.946075439453125,46.91961669921875],[32.95892333984375,46.924957275390625],[32.999603271484375,46.932525634765625],[33.0101318359375,46.9361572265625],[33.015106201171875,46.940032958984375],[33.01434326171875,46.943328857421875],[33.011993408203125,46.94610595703125],[33.009063720703125,46.94854736328125],[33.0054931640625,46.9501953125],[33.001312255859375,46.950958251953125],[32.965911865234375,46.950958251953125],[32.960784912109375,46.95172119140625],[32.957061767578125,46.95355224609375],[32.95428466796875,46.956024169921875],[32.952423095703125,46.959136962890625],[32.951171875,46.96246337890625],[32.949951171875,46.9697265625],[32.949462890625,46.981109619140625],[32.951171875,46.98565673828125],[32.95489501953125,46.9906005859375],[32.9654541015625,46.99737548828125],[32.971343994140625,46.999542236328125],[32.97491455078125,47.000213623046875],[32.976287841796875,46.999542236328125],[32.98065185546875,46.996124267578125],[32.98590087890625,46.990814208984375],[32.991943359375,46.985809326171875],[32.998321533203125,46.98193359375],[33.0250244140625,46.96990966796875],[33.026123046875,46.97161865234375],[33.026275634765625,46.974273681640625],[33.026275634765625,46.977569580078125],[33.027496337890625,46.9805908203125],[33.02874755859375,46.98260498046875],[33.03155517578125,46.98565673828125],[33.04937744140625,46.999755859375],[33.057952880859375,47.008636474609375],[33.06011962890625,47.01190185546875],[33.061676025390625,47.01531982421875],[33.061370849609375,47.01861572265625],[33.059356689453125,47.021453857421875],[33.0135498046875,47.051055908203125],[32.95599365234375,47.074981689453125],[32.95086669921875,47.075927734375],[32.945587158203125,47.0760498046875],[32.930206298828125,47.074798583984375],[32.92523193359375,47.075347900390625],[32.921844482421875,47.07733154296875],[32.919830322265625,47.080108642578125],[32.918731689453125,47.08905029296875],[32.917327880859375,47.09405517578125],[32.91595458984375,47.097015380859375],[32.915313720703125,47.10009765625],[32.915008544921875,47.103515625],[32.916412353515625,47.107025146484375],[32.918426513671875,47.1103515625],[32.936309814453125,47.126861572265625],[32.9620361328125,47.1644287109375],[32.97119140625,47.18121337890625],[32.97613525390625,47.186767578125],[32.980804443359375,47.187896728515625],[32.98468017578125,47.18701171875],[32.99542236328125,47.177520751953125],[32.998321533203125,47.1766357421875],[33.02130126953125,47.176239013671875],[33.035888671875,47.17791748046875],[33.043182373046875,47.1800537109375],[33.04864501953125,47.1826171875],[33.07794189453125,47.20623779296875],[33.083831787109375,47.20892333984375],[33.089569091796875,47.209930419921875],[33.09454345703125,47.20904541015625],[33.107147216796875,47.203826904296875],[33.11273193359375,47.202545166015625],[33.120635986328125,47.202423095703125],[33.124969482421875,47.204559326171875],[33.127288818359375,47.208099365234375],[33.1285400390625,47.212188720703125],[33.13055419921875,47.216552734375],[33.136138916015625,47.22430419921875],[33.1365966796875,47.22686767578125],[33.1348876953125,47.23095703125],[33.113494873046875,47.2568359375],[33.107757568359375,47.265716552734375],[33.106201171875,47.2689208984375],[33.105072021484375,47.27239990234375],[33.10467529296875,47.2760009765625],[33.10467529296875,47.279876708984375],[33.106201171875,47.28826904296875],[33.111175537109375,47.3004150390625],[33.12109375,47.31927490234375],[33.123870849609375,47.32733154296875],[33.12451171875,47.3309326171875],[33.124664306640625,47.333709716796875],[33.123870849609375,47.339324951171875],[33.122039794921875,47.346099853515625],[33.120635986328125,47.349395751953125],[33.099334716796875,47.382354736328125],[33.09625244140625,47.3848876953125],[33.092193603515625,47.386627197265625],[33.08740234375,47.38739013671875],[33.053619384765625,47.3875732421875],[33.04766845703125,47.388580322265625],[33.042694091796875,47.39007568359375],[33.038665771484375,47.39202880859375],[33.034942626953125,47.394256591796875],[33.03216552734375,47.396942138671875],[33.02984619140625,47.39984130859375],[33.02813720703125,47.40289306640625],[33.0267333984375,47.4058837890625],[33.026123046875,47.408721923828125],[33.02783203125,47.412139892578125],[33.0313720703125,47.4169921875],[33.047210693359375,47.4312744140625],[33.050506591796875,47.43609619140625],[33.052764892578125,47.445037841796875],[33.055267333984375,47.45062255859375],[33.058868408203125,47.452178955078125],[33.06182861328125,47.4512939453125],[33.064453125,47.4488525390625],[33.07452392578125,47.43359375],[33.0799560546875,47.420654296875],[33.081817626953125,47.41754150390625],[33.0850830078125,47.415252685546875],[33.090179443359375,47.41400146484375],[33.095916748046875,47.413421630859375],[33.11505126953125,47.41448974609375],[33.124053955078125,47.4163818359375],[33.12823486328125,47.41900634765625],[33.130096435546875,47.422576904296875],[33.12994384765625,47.426177978515625],[33.12884521484375,47.429595947265625],[33.125274658203125,47.435760498046875],[33.12310791015625,47.4385986328125],[33.12139892578125,47.44171142578125],[33.120330810546875,47.4451904296875],[33.1199951171875,47.44891357421875],[33.1204833984375,47.45294189453125],[33.12310791015625,47.4613037109375],[33.124969482421875,47.469696044921875],[33.125274658203125,47.4737548828125],[33.124969482421875,47.477294921875],[33.12420654296875,47.480438232421875],[33.12310791015625,47.4827880859375],[33.12017822265625,47.4873046875],[33.11798095703125,47.48992919921875],[33.112884521484375,47.4981689453125],[33.111785888671875,47.500274658203125],[33.11163330078125,47.501129150390625],[33.111175537109375,47.503082275390625],[33.1109619140625,47.506072998046875],[33.11224365234375,47.509857177734375],[33.116455078125,47.516571044921875],[33.1181640625,47.519989013671875],[33.118621826171875,47.523712158203125],[33.11767578125,47.52691650390625],[33.11566162109375,47.529693603515625],[33.1097412109375,47.5341796875],[33.0948486328125,47.542724609375],[33.091583251953125,47.545196533203125],[33.089263916015625,47.5479736328125],[33.0880126953125,47.551361083984375],[33.08740234375,47.55487060546875],[33.0867919921875,47.562408447265625],[33.08740234375,47.574188232421875],[33.089263916015625,47.582855224609375],[33.165435791015625,47.568511962890625],[33.170135498046875,47.566802978515625],[33.184722900390625,47.5577392578125],[33.193389892578125,47.55389404296875],[33.26708984375,47.54327392578125],[33.283416748046875,47.539306640625],[33.293182373046875,47.53564453125],[33.296600341796875,47.529449462890625],[33.300323486328125,47.519622802734375],[33.302001953125,47.516510009765625],[33.30401611328125,47.513580322265625],[33.306671142578125,47.510772705078125],[33.31317138671875,47.505950927734375],[33.3226318359375,47.500274658203125],[33.33349609375,47.4957275390625],[33.33941650390625,47.49505615234375],[33.345794677734375,47.495269775390625],[33.352447509765625,47.497894287109375]]]]}}]}
